5.000000000000000000e+00 1.344658589684374260e-48
5.001333777925974999e+00 1.314899073792865663e-48
5.002667555851950887e+00 1.287907630761861079e-48
5.004001333777925886e+00 1.263231411579026966e-48
5.005335111703900886e+00 1.240522349385256960e-48
5.006668889629876773e+00 1.219504239831622125e-48
5.008002667555851772e+00 1.199953101671288057e-48
5.009336445481827660e+00 1.181684322908405720e-48
5.010670223407802659e+00 1.164543727016229113e-48
5.012004001333777659e+00 1.148401115745655375e-48
5.013337779259753546e+00 1.133145498284471672e-48
5.014671557185728545e+00 1.118681464388933779e-48
5.016005335111703545e+00 1.104926396878823238e-48
5.017339113037679432e+00 1.091808282827317982e-48
5.018672890963654432e+00 1.079264000016544854e-48
5.020006668889630319e+00 1.067237909846494114e-48
5.021340446815605318e+00 1.055680757193752313e-48
5.022674224741580318e+00 1.044548728174268215e-48
5.024008002667556205e+00 1.033802722665422597e-48
5.025341780593531205e+00 1.023407707074819125e-48
5.026675558519506204e+00 1.013332191619785850e-48
5.028009336445482091e+00 1.003547801387014714e-48
5.029343114371457091e+00 9.940288836662247338e-49
5.030676892297432090e+00 9.847522030577083308e-49
5.032010670223407978e+00 9.756966630010916381e-49
5.033344448149382977e+00 9.668430683861665323e-49
5.034678226075358864e+00 9.581739247789114424e-49
5.036012004001333864e+00 9.496732565050854259e-49
5.037345781927308863e+00 9.413264686513835347e-49
5.038679559853284751e+00 9.331201839357553714e-49
5.040013337779259750e+00 9.250421504741052334e-49
5.041347115705234749e+00 9.170811238527054726e-49
5.042680893631210637e+00 9.092267737067498237e-49
5.044014671557185636e+00 9.014696095793946589e-49
5.045348449483160636e+00 8.938008973989239164e-49
5.046682227409136523e+00 8.862126056595979433e-49
5.048016005335111522e+00 8.786973339208253904e-49
5.049349783261087410e+00 8.712482718149584504e-49
5.050683561187062409e+00 8.638591440375714641e-49
5.052017339113037409e+00 8.565241700254884261e-49
5.053351117039013296e+00 8.492380267955155013e-49
5.054684894964988295e+00 8.419958118713031967e-49
5.056018672890963295e+00 8.347930155480407700e-49
5.057352450816939182e+00 8.276254843368197028e-49
5.058686228742914182e+00 8.204894012283127921e-49
5.060020006668889181e+00 8.133812633192176104e-49
5.061353784594865068e+00 8.062978511217971415e-49
5.062687562520840068e+00 7.992362185734322141e-49
5.064021340446815955e+00 7.921936653306049508e-49
5.065355118372790955e+00 7.851677262405116404e-49
5.066688896298765954e+00 7.781561545514427229e-49
5.068022674224741841e+00 7.711569034357482750e-49
5.069356452150716841e+00 7.641681208091021302e-49
5.070690230076691840e+00 7.571881270870434293e-49
5.072024008002667728e+00 7.502154145622891921e-49
5.073357785928642727e+00 7.432486245987625369e-49
5.074691563854618614e+00 7.362865505275910404e-49
5.076025341780593614e+00 7.293281177995325672e-49
5.077359119706568613e+00 7.223723829935187326e-49
5.078692897632544501e+00 7.154185198481274997e-49
5.080026675558519500e+00 7.084658200602830345e-49
5.081360453484494499e+00 7.015136761322167633e-49
5.082694231410470387e+00 6.945615875142101606e-49
5.084028009336445386e+00 6.876091378535360630e-49
5.085361787262420386e+00 6.806560078947652393e-49
5.086695565188396273e+00 6.737019537993933595e-49
5.088029343114371272e+00 6.667468155776892627e-49
5.089363121040347160e+00 6.597905020928153401e-49
5.090696898966322159e+00 6.528329942810437004e-49
5.092030676892297159e+00 6.458743384324927974e-49
5.093364454818273046e+00 6.389146332613638635e-49
5.094698232744248045e+00 6.319540468834845905e-49
5.096032010670223045e+00 6.249927946535075521e-49
5.097365788596198932e+00 6.180311408996481061e-49
5.098699566522173932e+00 6.110694028388353565e-49
5.100033344448149819e+00 6.041079365728561490e-49
5.101367122374124818e+00 5.971471437047166466e-49
5.102700900300099818e+00 5.901874631278500439e-49
5.104034678226075705e+00 5.832293710717786253e-49
5.105368456152050705e+00 5.762733773349611783e-49
5.106702234078025704e+00 5.693200260714420603e-49
5.108036012004001591e+00 5.623698903062930827e-49
5.109369789929976591e+00 5.554235680088543316e-49
5.110703567855951590e+00 5.484816862078717375e-49
5.112037345781927478e+00 5.415448976168867011e-49
5.113371123707902477e+00 5.346138734048226605e-49
5.114704901633878364e+00 5.276893093590192989e-49
5.116038679559853364e+00 5.207719180009847814e-49
5.117372457485828363e+00 5.138624297706978533e-49
5.118706235411804251e+00 5.069615933113932866e-49
5.120040013337779250e+00 5.000701705787012231e-49
5.121373791263754249e+00 4.931889382854543247e-49
5.122707569189730137e+00 4.863186840579000294e-49
5.124041347115705136e+00 4.794602076397286661e-49
5.125375125041680135e+00 4.726143218015239135e-49
5.126708902967656023e+00 4.657818418858475140e-49
5.128042680893631022e+00 4.589635960197913599e-49
5.129376458819606910e+00 4.521604177479412272e-49
5.130710236745581909e+00 4.453731489577996979e-49
5.132044014671556909e+00 4.386026314219077302e-49
5.133377792597532796e+00 4.318497164967465427e-49
5.134711570523507795e+00 4.251152550918531345e-49
5.136045348449482795e+00 4.184001046934390886e-49
5.137379126375458682e+00 4.117051204787459320e-49
5.138712904301433682e+00 4.050311609616049327e-49
5.140046682227408681e+00 3.983790838477717332e-49
5.141380460153384568e+00 3.917497494147576150e-49
5.142714238079359568e+00 3.851440097225131337e-49
5.144048016005335455e+00 3.785627260555536949e-49
5.145381793931310455e+00 3.720067484875062000e-49
5.146715571857285454e+00 3.654769278338968177e-49
5.148049349783261341e+00 3.589741131385453653e-49
5.149383127709236341e+00 3.524991443352932446e-49
5.150716905635211340e+00 3.460528631203395564e-49
5.152050683561187228e+00 3.396361014837921956e-49
5.153384461487162227e+00 3.332496901908190057e-49
5.154718239413138114e+00 3.268944507692784848e-49
5.156052017339113114e+00 3.205711996751252958e-49
5.157385795265088113e+00 3.142807475350620527e-49
5.158719573191064001e+00 3.080238983375167585e-49
5.160053351117039000e+00 3.018014445992218255e-49
5.161387129043013999e+00 2.956141790998107151e-49
5.162720906968989887e+00 2.894628768330631931e-49
5.164054684894964886e+00 2.833483114659058175e-49
5.165388462820939885e+00 2.772712448777279052e-49
5.166722240746915773e+00 2.712324308316397476e-49
5.168056018672890772e+00 2.652326133163988069e-49
5.169389796598866660e+00 2.592725273010681779e-49
5.170723574524841659e+00 2.533528939962138128e-49
5.172057352450816659e+00 2.474744316021611022e-49
5.173391130376792546e+00 2.416378420236200173e-49
5.174724908302767545e+00 2.358438190284659162e-49
5.176058686228742545e+00 2.300930448791128971e-49
5.177392464154718432e+00 2.243861907381665411e-49
5.178726242080693432e+00 2.187239143863399490e-49
5.180060020006669319e+00 2.131068675852845338e-49
5.181393797932644318e+00 2.075356851115554045e-49
5.182727575858619318e+00 2.020109930582877055e-49
5.184061353784595205e+00 1.965334012447332114e-49
5.185395131710570205e+00 1.911035137168374820e-49
5.186728909636545204e+00 1.857219167431836977e-49
5.188062687562521091e+00 1.803891877712505572e-49
5.189396465488496091e+00 1.751058921766012796e-49
5.190730243414471090e+00 1.698725713136646284e-49
5.192064021340446978e+00 1.646897737220346503e-49
5.193397799266421977e+00 1.595580179932540104e-49
5.194731577192397864e+00 1.544778197811530603e-49
5.196065355118372864e+00 1.494496744139333757e-49
5.197399133044347863e+00 1.444740700817153257e-49
5.198732910970323751e+00 1.395514762070396671e-49
5.200066688896298750e+00 1.346823554194206008e-49
5.201400466822273749e+00 1.298671502938422198e-49
5.202734244748249637e+00 1.251062937039344842e-49
5.204068022674224636e+00 1.204002051831471176e-49
5.205401800600199635e+00 1.157492866521420045e-49
5.206735578526175523e+00 1.111539330811763577e-49
5.208069356452150522e+00 1.066145200666199010e-49
5.209403134378126410e+00 1.021314123633581030e-49
5.210736912304101409e+00 9.770496072242694191e-50
5.212070690230076409e+00 9.333550064875873099e-50
5.213404468156052296e+00 8.902335522058765281e-50
5.214738246082027295e+00 8.476883214426771004e-50
5.216072024008002295e+00 8.057223251162910231e-50
5.217405801933978182e+00 7.643383041800332088e-50
5.218739579859953182e+00 7.235389976187457861e-50
5.220073357785928181e+00 6.833269155082628463e-50
5.221407135711904068e+00 6.437044736447012442e-50
5.222740913637879068e+00 6.046739328210503616e-50
5.224074691563854955e+00 5.662374365076601785e-50
5.225408469489829955e+00 5.283969710743241504e-50
5.226742247415804954e+00 4.911543942695372559e-50
5.228076025341780841e+00 4.545114389948997598e-50
5.229409803267755841e+00 4.184696851562375998e-50
5.230743581193730840e+00 3.830305938197101683e-50
5.232077359119706728e+00 3.481954823513307473e-50
5.233411137045681727e+00 3.139655763439032730e-50
5.234744914971657614e+00 2.803418052424876159e-50
5.236078692897632614e+00 2.473252254151812451e-50
5.237412470823607613e+00 2.149165727262869608e-50
5.238746248749583501e+00 1.831164603495124034e-50
5.240080026675558500e+00 1.519254869829473545e-50
5.241413804601533499e+00 1.213440193278562216e-50
5.242747582527509387e+00 9.137232217869155075e-51
5.244081360453484386e+00 6.201051702039766607e-51
5.245415138379459385e+00 3.325867393828036908e-51
5.246748916305435273e+00 5.116626415547730447e-52
5.248082694231410272e+00 -2.241587562613014709e-51
5.249416472157386160e+00 -4.933917157317230673e-51
5.250750250083361159e+00 -7.565376776160079085e-51
5.252084028009336159e+00 -1.013602409392203088e-50
5.253417805935312046e+00 -1.264593771663479154e-50
5.254751583861287045e+00 -1.509520016474380892e-50
5.256085361787262045e+00 -1.748390947851355419e-50
5.257419139713237932e+00 -1.981217651634868295e-50
5.258752917639212932e+00 -2.208012116335360906e-50
5.260086695565188819e+00 -2.428787762308684240e-50
5.261420473491163818e+00 -2.643558913352536315e-50
5.262754251417138818e+00 -2.852341323426959815e-50
5.264088029343114705e+00 -3.055151677896216210e-50
5.265421807269089705e+00 -3.252007746919079461e-50
5.266755585195064704e+00 -3.442928650425502636e-50
5.268089363121040591e+00 -3.627934443449178738e-50
5.269423141047015591e+00 -3.807046225537363306e-50
5.270756918972990590e+00 -3.980286257237629724e-50
5.272090696898966478e+00 -4.147677804129429166e-50
5.273424474824941477e+00 -4.309245243971416621e-50
5.274758252750917364e+00 -4.465013941260495804e-50
5.276092030676892364e+00 -4.615010305335612665e-50
5.277425808602867363e+00 -4.759261806779007549e-50
5.278759586528843251e+00 -4.897796688161054488e-50
5.280093364454818250e+00 -5.030644547677871085e-50
5.281427142380793249e+00 -5.157835203756111494e-50
5.282760920306769137e+00 -5.279401182904987773e-50
5.284094698232744136e+00 -5.395373414256604948e-50
5.285428476158719135e+00 -5.505785860685897474e-50
5.286762254084695023e+00 -5.610672331059965174e-50
5.288096032010670022e+00 -5.710067788144822941e-50
5.289429809936645910e+00 -5.804008159728548999e-50
5.290763587862620909e+00 -5.892530300509084165e-50
5.292097365788595908e+00 -5.975671612628155607e-50
5.293431143714571796e+00 -6.053470639858419748e-50
5.294764921640546795e+00 -6.125966673170598436e-50
5.296098699566521795e+00 -6.193199731197838162e-50
5.297432477492497682e+00 -6.255210767917441724e-50
5.298766255418472682e+00 -6.312041271049768023e-50
5.300100033344447681e+00 -6.363733863156885378e-50
5.301433811270423568e+00 -6.410331589169171592e-50
5.302767589196398568e+00 -6.451878419077120972e-50
5.304101367122374455e+00 -6.488418828373890964e-50
5.305435145048349455e+00 -6.519998347454935223e-50
5.306768922974324454e+00 -6.546662919196423677e-50
5.308102700900300341e+00 -6.568459132010143448e-50
5.309436478826275341e+00 -6.585434484963387109e-50
5.310770256752250340e+00 -6.597637074397704620e-50
5.312104034678226228e+00 -6.605115286307786300e-50
5.313437812604201227e+00 -6.607918424310806687e-50
5.314771590530177114e+00 -6.606096513892121097e-50
5.316105368456152114e+00 -6.599699665529068763e-50
5.317439146382127113e+00 -6.588779311673321584e-50
5.318772924308103001e+00 -6.573386334323409841e-50
5.320106702234078000e+00 -6.553573465865189096e-50
5.321440480160052999e+00 -6.529393018239033209e-50
5.322774258086028887e+00 -6.500898173276306431e-50
5.324108036012003886e+00 -6.468142421836565110e-50
5.325441813937979774e+00 -6.431179862360248948e-50
5.326775591863954773e+00 -6.390065095670414737e-50
5.328109369789929772e+00 -6.344853063719310652e-50
5.329443147715905660e+00 -6.295599239053367324e-50
5.330776925641880659e+00 -6.242359175646441033e-50
5.332110703567855658e+00 -6.185189439438546154e-50
5.333444481493831546e+00 -6.124146405175885011e-50
5.334778259419806545e+00 -6.059287235675773802e-50
5.336112037345781545e+00 -5.990668765944473123e-50
5.337445815271757432e+00 -5.918349157619405861e-50
5.338779593197732432e+00 -5.842386182740868585e-50
5.340113371123708319e+00 -5.762838203048174154e-50
5.341447149049683318e+00 -5.679763708619915541e-50
5.342780926975658318e+00 -5.593221564443041376e-50
5.344114704901634205e+00 -5.503270880777078549e-50
5.345448482827609205e+00 -5.409970977619345714e-50
5.346782260753584204e+00 -5.313381521628039580e-50
5.348116038679560091e+00 -5.213562355774732113e-50
5.349449816605535091e+00 -5.110573392728533749e-50
5.350783594531510090e+00 -5.004474778431088554e-50
5.352117372457485978e+00 -4.895326874303092855e-50
5.353451150383460977e+00 -4.783190427926931758e-50
5.354784928309436864e+00 -4.668125983493405583e-50
5.356118706235411864e+00 -4.550194324889844845e-50
5.357452484161386863e+00 -4.429456353604600831e-50
5.358786262087362751e+00 -4.305973166554010242e-50
5.360120040013337750e+00 -4.179805784134021963e-50
5.361453817939312749e+00 -4.051015461897910848e-50
5.362787595865288637e+00 -3.919663382831675611e-50
5.364121373791263636e+00 -3.785810944638179370e-50
5.365455151717238635e+00 -3.649519401685398013e-50
5.366788929643214523e+00 -3.510850033916945919e-50
5.368122707569189522e+00 -3.369864266291807065e-50
5.369456485495165410e+00 -3.226623423032728647e-50
5.370790263421140409e+00 -3.081188930047997885e-50
5.372124041347115408e+00 -2.933621892737422744e-50
5.373457819273091296e+00 -2.783983732354325746e-50
5.374791597199066295e+00 -2.632335470078962138e-50
5.376125375125041295e+00 -2.478738265882602615e-50
5.377459153051017182e+00 -2.323253307863292087e-50
5.378792930976992182e+00 -2.165941189345274541e-50
5.380126708902967181e+00 -2.006863058103044257e-50
5.381460486828943068e+00 -1.846079442854598484e-50
5.382794264754918068e+00 -1.683651028643998258e-50
5.384128042680893955e+00 -1.519637922529427460e-50
5.385461820606868955e+00 -1.354100578084528633e-50
5.386795598532843954e+00 -1.187099216724799837e-50
5.388129376458819841e+00 -1.018693747017371167e-50
5.389463154384794841e+00 -8.489435018121386303e-51
5.390796932310769840e+00 -6.779083734178301897e-51
5.392130710236745728e+00 -5.056474536176275801e-51
5.393464488162720727e+00 -3.322198697354081849e-51
5.394798266088696614e+00 -1.576845129919142520e-51
5.396132044014671614e+00 1.790023902693174833e-52
5.397465821940646613e+00 1.944760708324440753e-51
5.398799599866622501e+00 3.719845995661868909e-51
5.400133377792597500e+00 5.503683602308896446e-51
5.401467155718572499e+00 7.295698243755051176e-51
5.402800933644548387e+00 9.095317649373512064e-51
5.404134711570523386e+00 1.090197414358281159e-50
5.405468489496499274e+00 1.271510228053883322e-50
5.406802267422474273e+00 1.453413905290586532e-50
5.408136045348449272e+00 1.635852650651337117e-50
5.409469823274425160e+00 1.818770928771202733e-50
5.410803601200400159e+00 2.002113623456978525e-50
5.412137379126375158e+00 2.185825757250880442e-50
5.413471157052351046e+00 2.369853210365308213e-50
5.414804934978326045e+00 2.554141824438097424e-50
5.416138712904301045e+00 2.738637937665907154e-50
5.417472490830276932e+00 2.923288306922200027e-50
5.418806268756251932e+00 3.108040148325565553e-50
5.420140046682227819e+00 3.292841151549109624e-50
5.421473824608202818e+00 3.477639136666344220e-50
5.422807602534177818e+00 3.662382622189075988e-50
5.424141380460153705e+00 3.847020946822808162e-50
5.425475158386128705e+00 4.031502864329548551e-50
5.426808936312103704e+00 4.215778552121655500e-50
5.428142714238079591e+00 4.399798148287171228e-50
5.429476492164054591e+00 4.583512428425276834e-50
5.430810270090029590e+00 4.766872668186131471e-50
5.432144048016005478e+00 4.949830725378061480e-50
5.433477825941980477e+00 5.132338428217953774e-50
5.434811603867956364e+00 5.314348875862116288e-50
5.436145381793931364e+00 5.495815064942912899e-50
5.437479159719906363e+00 5.676690756867760078e-50
5.438812937645882251e+00 5.856930342938926542e-50
5.440146715571857250e+00 6.036488456137402426e-50
5.441480493497832249e+00 6.215320494213460953e-50
5.442814271423808137e+00 6.393382274990212042e-50
5.444148049349783136e+00 6.570629983177387183e-50
5.445481827275758135e+00 6.747020930692508323e-50
5.446815605201734023e+00 6.922512257387037381e-50
5.448149383127709022e+00 7.097062206760661557e-50
5.449483161053684910e+00 7.270629250135265436e-50
5.450816938979659909e+00 7.443172728483271535e-50
5.452150716905634908e+00 7.614651669625716357e-50
5.453484494831610796e+00 7.785027154931801331e-50
5.454818272757585795e+00 7.954259846812074524e-50
5.456152050683560795e+00 8.122311217854556623e-50
5.457485828609536682e+00 8.289143168702735401e-50
5.458819606535511681e+00 8.454718345201942182e-50
5.460153384461486681e+00 8.619000105957770276e-50
5.461487162387462568e+00 8.781952143491230109e-50
5.462820940313437568e+00 8.943539001990008229e-50
5.464154718239413455e+00 9.103725458877130674e-50
5.465488496165388455e+00 9.262477456176084234e-50
5.466822274091363454e+00 9.419760792406533301e-50
5.468156052017339341e+00 9.575542800331965471e-50
5.469489829943314341e+00 9.729790442285965223e-50
5.470823607869289340e+00 9.882472208348504951e-50
5.472157385795265228e+00 1.003355651940578409e-49
5.473491163721240227e+00 1.018301277043946210e-49
5.474824941647216114e+00 1.033081082704989845e-49
5.476158719573191114e+00 1.047692125280597876e-49
5.477492497499166113e+00 1.062131524528602422e-49
5.478826275425142001e+00 1.076396452443397666e-49
5.480160053351117000e+00 1.090484150358311969e-49
5.481493831277091999e+00 1.104391935997663884e-49
5.482827609203067887e+00 1.118117146187939510e-49
5.484161387129042886e+00 1.131657245782447136e-49
5.485495165055018774e+00 1.145009758833179851e-49
5.486828942980993773e+00 1.158172097204064063e-49
5.488162720906968772e+00 1.171142029617856661e-49
5.489496498832944660e+00 1.183917167404573786e-49
5.490830276758919659e+00 1.196495274313580981e-49
5.492164054684894658e+00 1.208874159331535888e-49
5.493497832610870546e+00 1.221051687953183914e-49
5.494831610536845545e+00 1.233025795394558106e-49
5.496165388462820545e+00 1.244794473781527444e-49
5.497499166388796432e+00 1.256355794033599980e-49
5.498832944314771431e+00 1.267707864115963224e-49
5.500166722240747319e+00 1.278848874397613611e-49
5.501500500166722318e+00 1.289777075696675774e-49
5.502834278092697318e+00 1.300490772917809067e-49
5.504168056018673205e+00 1.310988352536623244e-49
5.505501833944648205e+00 1.321268245542092128e-49
5.506835611870623204e+00 1.331328908951880935e-49
5.508169389796599091e+00 1.341168948437910452e-49
5.509503167722574091e+00 1.350786981674637728e-49
5.510836945648549090e+00 1.360181667682615991e-49
5.512170723574524978e+00 1.369351777439793500e-49
5.513504501500499977e+00 1.378296095862663169e-49
5.514838279426475864e+00 1.387013504453515436e-49
5.516172057352450864e+00 1.395502897517124082e-49
5.517505835278425863e+00 1.403763299831317481e-49
5.518839613204401751e+00 1.411793761980265288e-49
5.520173391130376750e+00 1.419593362412129230e-49
5.521507169056351749e+00 1.427161270694619832e-49
5.522840946982327637e+00 1.434496736077682688e-49
5.524174724908302636e+00 1.441599031001222331e-49
5.525508502834277635e+00 1.448467505379675195e-49
5.526842280760253523e+00 1.455101559859423007e-49
5.528176058686228522e+00 1.461500648710602810e-49
5.529509836612204410e+00 1.467664311056214105e-49
5.530843614538179409e+00 1.473592108123228141e-49
5.532177392464154408e+00 1.479283682456470185e-49
5.533511170390130296e+00 1.484738716339617574e-49
5.534844948316105295e+00 1.489956971309367099e-49
5.536178726242080295e+00 1.494938258448237003e-49
5.537512504168056182e+00 1.499682395998700820e-49
5.538846282094031181e+00 1.504189342030014761e-49
5.540180060020006181e+00 1.508459050160672140e-49
5.541513837945982068e+00 1.512491546977194585e-49
5.542847615871957068e+00 1.516286917236760184e-49
5.544181393797932955e+00 1.519845281358420115e-49
5.545515171723907955e+00 1.523166833021831680e-49
5.546848949649882954e+00 1.526251801785755940e-49
5.548182727575858841e+00 1.529100497898746054e-49
5.549516505501833841e+00 1.531713250157789831e-49
5.550850283427809728e+00 1.534090442206504365e-49
5.552184061353784728e+00 1.536232542843380865e-49
5.553517839279759727e+00 1.538140030914708979e-49
5.554851617205734726e+00 1.539813460944218035e-49
5.556185395131710614e+00 1.541253422377965246e-49
5.557519173057685613e+00 1.542460570303184464e-49
5.558852950983661501e+00 1.543435569939195583e-49
5.560186728909636500e+00 1.544179176281457918e-49
5.561520506835611499e+00 1.544692200776325794e-49
5.562854284761587387e+00 1.544975446489449004e-49
5.564188062687562386e+00 1.545029806186713756e-49
5.565521840613538274e+00 1.544856198241498006e-49
5.566855618539513273e+00 1.544455609749833118e-49
5.568189396465488272e+00 1.543829048719636860e-49
5.569523174391464160e+00 1.542977567768487328e-49
5.570856952317439159e+00 1.541902285723935734e-49
5.572190730243414158e+00 1.540604345062576915e-49
5.573524508169390046e+00 1.539084935129332489e-49
5.574858286095365045e+00 1.537345279668843258e-49
5.576192064021340045e+00 1.535386674418204656e-49
5.577525841947315932e+00 1.533210411357562440e-49
5.578859619873290931e+00 1.530817854054028529e-49
5.580193397799266819e+00 1.528210395345283652e-49
5.581527175725241818e+00 1.525389467841767195e-49
5.582860953651216818e+00 1.522356542423838001e-49
5.584194731577192705e+00 1.519113126821028722e-49
5.585528509503167705e+00 1.515660760361494045e-49
5.586862287429142704e+00 1.512001034827752079e-49
5.588196065355118591e+00 1.508135582066708226e-49
5.589529843281093591e+00 1.504066031186664295e-49
5.590863621207068590e+00 1.499794088023899735e-49
5.592197399133044478e+00 1.495321453118504051e-49
5.593531177059019477e+00 1.490649912470586630e-49
5.594864954984995364e+00 1.485781238221737246e-49
5.596198732910970364e+00 1.480717259444976605e-49
5.597532510836945363e+00 1.475459821106431660e-49
5.598866288762921251e+00 1.470010800224845502e-49
5.600200066688896250e+00 1.464372217659163543e-49
5.601533844614871249e+00 1.458545774235279722e-49
5.602867622540847137e+00 1.452533659309862542e-49
5.604201400466822136e+00 1.446337802418782702e-49
5.605535178392797135e+00 1.439960259423627390e-49
5.606868956318773023e+00 1.433403047629311673e-49
5.608202734244748022e+00 1.426668273561850370e-49
5.609536512170723910e+00 1.419758062299170038e-49
5.610870290096698909e+00 1.412674512917759827e-49
5.612204068022673908e+00 1.405419807632244628e-49
5.613537845948649796e+00 1.397996134419600627e-49
5.614871623874624795e+00 1.390405684020030934e-49
5.616205401800599795e+00 1.382650699578557247e-49
5.617539179726575682e+00 1.374733433732128409e-49
5.618872957652550681e+00 1.366656151252590529e-49
5.620206735578525681e+00 1.358421150605177673e-49
5.621540513504501568e+00 1.350030754371830510e-49
5.622874291430476568e+00 1.341487271497548219e-49
5.624208069356452455e+00 1.332793107202258375e-49
5.625541847282427455e+00 1.323950584366486738e-49
5.626875625208402454e+00 1.314962117398992357e-49
5.628209403134378341e+00 1.305830109571987335e-49
5.629543181060353341e+00 1.296556974594673253e-49
5.630876958986329228e+00 1.287145163067648494e-49
5.632210736912304228e+00 1.277597122979177632e-49
5.633544514838279227e+00 1.267915331284911019e-49
5.634878292764254226e+00 1.258102271995051978e-49
5.636212070690230114e+00 1.248160420521870336e-49
5.637545848616205113e+00 1.238092310290434458e-49
5.638879626542181001e+00 1.227900455709344371e-49
5.640213404468156000e+00 1.217587395217197169e-49
5.641547182394130999e+00 1.207155667154084069e-49
5.642880960320106887e+00 1.196607815563652349e-49
5.644214738246081886e+00 1.185946427823779208e-49
5.645548516172057774e+00 1.175174057423640117e-49
5.646882294098032773e+00 1.164293299575456080e-49
5.648216072024007772e+00 1.153306742266849071e-49
5.649549849949983660e+00 1.142216974309437187e-49
5.650883627875958659e+00 1.131026611599327855e-49
5.652217405801933658e+00 1.119738246714342089e-49
5.653551183727909546e+00 1.108354510930475212e-49
5.654884961653884545e+00 1.096878035739535533e-49
5.656218739579859545e+00 1.085311422441198518e-49
5.657552517505835432e+00 1.073657310434548129e-49
5.658886295431810431e+00 1.061918334034610130e-49
5.660220073357786319e+00 1.050097122474365713e-49
5.661553851283761318e+00 1.038196322664508051e-49
5.662887629209736318e+00 1.026218571147063918e-49
5.664221407135712205e+00 1.014166509293585985e-49
5.665555185061687204e+00 1.002042767496230677e-49
5.666888962987662204e+00 9.898499896252675358e-50
5.668222740913638091e+00 9.775908212957366085e-50
5.669556518839613091e+00 9.652679112420177133e-50
5.670890296765588090e+00 9.528838797825290315e-50
5.672224074691563978e+00 9.404413749415868288e-50
5.673557852617538977e+00 9.279430162504307084e-50
5.674891630543514864e+00 9.153914453593456680e-50
5.676225408469489864e+00 9.027892771249167935e-50
5.677559186395464863e+00 8.901391495340003041e-50
5.678892964321440751e+00 8.774436710335087840e-50
5.680226742247415750e+00 8.647054446773505344e-50
5.681560520173390749e+00 8.519270893474120877e-50
5.682894298099366637e+00 8.391112006121397206e-50
5.684228076025341636e+00 8.262603705696561209e-50
5.685561853951316635e+00 8.133771792225823037e-50
5.686895631877292523e+00 8.004642186153368741e-50
5.688229409803267522e+00 7.875240550382618047e-50
5.689563187729243410e+00 7.745592412915366423e-50
5.690896965655218409e+00 7.615723434103403621e-50
5.692230743581193408e+00 7.485658910547576429e-50
5.693564521507169296e+00 7.355424266368397071e-50
5.694898299433144295e+00 7.225044755418527592e-50
5.696232077359119295e+00 7.094545464825285618e-50
5.697565855285095182e+00 6.963951404115394669e-50
5.698899633211070181e+00 6.833287410839306427e-50
5.700233411137045181e+00 6.702578332885003766e-50
5.701567189063021068e+00 6.571848849748639706e-50
5.702900966988996068e+00 6.441122960610770060e-50
5.704234744914971955e+00 6.310426394808069294e-50
5.705568522840946954e+00 6.179781891469409817e-50
5.706902300766921954e+00 6.049214633695095312e-50
5.708236078692897841e+00 5.918747888140441870e-50
5.709569856618872841e+00 5.788405748628037512e-50
5.710903634544848728e+00 5.658211927602061681e-50
5.712237412470823728e+00 5.528189855103976828e-50
5.713571190396798727e+00 5.398362868795375534e-50
5.714904968322773726e+00 5.268754237345403393e-50
5.716238746248749614e+00 5.139386979573234235e-50
5.717572524174724613e+00 5.010283677237229985e-50
5.718906302100700501e+00 4.881467521361207563e-50
5.720240080026675500e+00 4.752960361479072678e-50
5.721573857952650499e+00 4.624785032915721388e-50
5.722907635878626387e+00 4.496963486381198780e-50
5.724241413804601386e+00 4.369517827558297578e-50
5.725575191730577274e+00 4.242469417925298779e-50
5.726908969656552273e+00 4.115840123368455219e-50
5.728242747582527272e+00 3.989651303753972539e-50
5.729576525508503160e+00 3.863924137082185396e-50
5.730910303434478159e+00 3.738679479777869565e-50
5.732244081360453158e+00 3.613938218975699915e-50
5.733577859286429046e+00 3.489720786265823319e-50
5.734911637212404045e+00 3.366047651090970019e-50
5.736245415138379045e+00 3.242938833406476618e-50
5.737579193064354932e+00 3.120414400579979568e-50
5.738912970990329931e+00 2.998493893679657564e-50
5.740246748916305819e+00 2.877196877970673430e-50
5.741580526842280818e+00 2.756542598894477902e-50
5.742914304768255818e+00 2.636550015343390347e-50
5.744248082694231705e+00 2.517238120020094466e-50
5.745581860620206704e+00 2.398625371630121213e-50
5.746915638546181704e+00 2.280730144458784217e-50
5.748249416472157591e+00 2.163570515953602060e-50
5.749583194398132591e+00 2.047164379289511581e-50
5.750916972324107590e+00 1.931529359071178033e-50
5.752250750250083478e+00 1.816682947196002361e-50
5.753584528176058477e+00 1.702642201802106315e-50
5.754918306102034364e+00 1.589424074224196086e-50
5.756252084028009364e+00 1.477045235577224483e-50
5.757585861953984363e+00 1.365522076273192104e-50
5.758919639879960251e+00 1.254870819856234730e-50
5.760253417805935250e+00 1.145107401148412652e-50
5.761587195731910249e+00 1.036247428281755684e-50
5.762920973657886137e+00 9.283063592066123326e-51
5.764254751583861136e+00 8.212994136085322852e-51
5.765588529509836135e+00 7.152413411990627582e-51
5.766922307435812023e+00 6.101470825080406146e-51
5.768256085361787022e+00 5.060306488159665931e-51
5.769589863287762910e+00 4.029065221531322046e-51
5.770923641213737909e+00 3.007883842711258914e-51
5.772257419139712908e+00 1.996898617625164741e-51
5.773591197065688796e+00 9.962444467916545505e-52
5.774924974991663795e+00 6.050436568760129272e-54
5.776258752917638795e+00 -9.735543004808921190e-52
5.777592530843614682e+00 -1.942444703913911290e-51
5.778926308769589681e+00 -2.900497005214666797e-51
5.780260086695564681e+00 -3.847591639408041251e-51
5.781593864621540568e+00 -4.783611379671157484e-51
5.782927642547515568e+00 -5.708439860175289337e-51
5.784261420473491455e+00 -6.621967891896093124e-51
5.785595198399466454e+00 -7.524083123914967857e-51
5.786928976325441454e+00 -8.414680026514150609e-51
5.788262754251417341e+00 -9.293654541229870223e-51
5.789596532177392341e+00 -1.016090566198985142e-50
5.790930310103368228e+00 -1.101633377241991047e-50
5.792264088029343228e+00 -1.185984525172079367e-50
5.793597865955318227e+00 -1.269134225892343064e-50
5.794931643881293226e+00 -1.351073959661749211e-50
5.796265421807269114e+00 -1.431794686811698193e-50
5.797599199733244113e+00 -1.511287913156916836e-50
5.798932977659220001e+00 -1.589545442515656324e-50
5.800266755585195000e+00 -1.666559695922440223e-50
5.801600533511169999e+00 -1.742322228364617267e-50
5.802934311437145887e+00 -1.816826112609058333e-50
5.804268089363120886e+00 -1.890064308999229709e-50
5.805601867289096774e+00 -1.962029713947668361e-50
5.806935645215071773e+00 -2.032715910084933674e-50
5.808269423141046772e+00 -2.102116475011609266e-50
5.809603201067022660e+00 -2.170225453688383592e-50
5.810936978992997659e+00 -2.237036956816965606e-50
5.812270756918972658e+00 -2.302545583744339512e-50
5.813604534844948546e+00 -2.366746069596269215e-50
5.814938312770923545e+00 -2.429633487772534269e-50
5.816272090696898545e+00 -2.491203280884758200e-50
5.817605868622874432e+00 -2.551450790743727504e-50
5.818939646548849431e+00 -2.610372047075726023e-50
5.820273424474825319e+00 -2.667963025691690112e-50
5.821607202400800318e+00 -2.724220176819395398e-50
5.822940980326775318e+00 -2.779140351773075519e-50
5.824274758252751205e+00 -2.832720151091570452e-50
5.825608536178726204e+00 -2.884956936600814778e-50
5.826942314104701204e+00 -2.935848412517112981e-50
5.828276092030677091e+00 -2.985391886436344825e-50
5.829609869956652091e+00 -3.033585506027269490e-50
5.830943647882627090e+00 -3.080427547675889274e-50
5.832277425808602977e+00 -3.125916489774586385e-50
5.833611203734577977e+00 -3.170051124915388919e-50
5.834944981660553864e+00 -3.212830439195711451e-50
5.836278759586528864e+00 -3.254253908150368340e-50
5.837612537512503863e+00 -3.294320808410697268e-50
5.838946315438479751e+00 -3.333031001371771226e-50
5.840280093364454750e+00 -3.370384867381390221e-50
5.841613871290429749e+00 -3.406382335020168342e-50
5.842947649216405637e+00 -3.441024167206293266e-50
5.844281427142380636e+00 -3.474311031268191110e-50
5.845615205068355635e+00 -3.506244264783094961e-50
5.846948982994331523e+00 -3.536825006553402430e-50
5.848282760920306522e+00 -3.566054924265035714e-50
5.849616538846282410e+00 -3.593935502726166988e-50
5.850950316772257409e+00 -3.620469364062260667e-50
5.852284094698232408e+00 -3.645658466650200705e-50
5.853617872624208296e+00 -3.669505421140939086e-50
5.854951650550183295e+00 -3.692012992340570965e-50
5.856285428476158295e+00 -3.713184330957353117e-50
5.857619206402134182e+00 -3.733022513439126213e-50
5.858952984328109181e+00 -3.751531277626337587e-50
5.860286762254084181e+00 -3.768714258193517014e-50
5.861620540180060068e+00 -3.784575422317584021e-50
5.862954318106035068e+00 -3.799119017366278052e-50
5.864288096032010955e+00 -3.812349485847833783e-50
5.865621873957985954e+00 -3.824271381602642506e-50
5.866955651883960954e+00 -3.834889931920557837e-50
5.868289429809936841e+00 -3.844209869915860669e-50
5.869623207735911841e+00 -3.852236872867975627e-50
5.870956985661887728e+00 -3.858976296143574200e-50
5.872290763587862727e+00 -3.864433992301279268e-50
5.873624541513837727e+00 -3.868616008605773422e-50
5.874958319439812726e+00 -3.871528571767528064e-50
5.876292097365788614e+00 -3.873178115856319993e-50
5.877625875291763613e+00 -3.873571322745284347e-50
5.878959653217739501e+00 -3.872715064903096271e-50
5.880293431143714500e+00 -3.870616478966562279e-50
5.881627209069689499e+00 -3.867282671794469620e-50
5.882960986995665387e+00 -3.862721480445445765e-50
5.884294764921640386e+00 -3.856940046951204043e-50
5.885628542847616274e+00 -3.849946697721826855e-50
5.886962320773591273e+00 -3.841749647233100872e-50
5.888296098699566272e+00 -3.832356897091682817e-50
5.889629876625542160e+00 -3.821777057784255515e-50
5.890963654551517159e+00 -3.810018981173167894e-50
5.892297432477492158e+00 -3.797091136617727574e-50
5.893631210403468046e+00 -3.783003114441518327e-50
5.894964988329443045e+00 -3.767763946923643371e-50
5.896298766255418045e+00 -3.751382945024769445e-50
5.897632544181393932e+00 -3.733870137528407632e-50
5.898966322107368931e+00 -3.715234935147555890e-50
5.900300100033344819e+00 -3.695487396336321207e-50
5.901633877959319818e+00 -3.674637901620844735e-50
5.902967655885294818e+00 -3.652696872671273052e-50
5.904301433811270705e+00 -3.629674511180358522e-50
5.905635211737245704e+00 -3.605581793183709012e-50
5.906968989663220704e+00 -3.580429487070324820e-50
5.908302767589196591e+00 -3.554228702495324195e-50
5.909636545515171591e+00 -3.526990500034921411e-50
5.910970323441146590e+00 -3.498726362702483568e-50
5.912304101367122477e+00 -3.469447807210912206e-50
5.913637879293097477e+00 -3.439166547456346178e-50
5.914971657219073364e+00 -3.407894463361603395e-50
5.916305435145048364e+00 -3.375643371121106505e-50
5.917639213071023363e+00 -3.342425494513518509e-50
5.918972990996999251e+00 -3.308253468387578030e-50
5.920306768922974250e+00 -3.273139247896909134e-50
5.921640546848949249e+00 -3.237095644674395059e-50
5.922974324774925137e+00 -3.200135570785266800e-50
5.924308102700900136e+00 -3.162271629878718768e-50
5.925641880626875135e+00 -3.123516968572142571e-50
5.926975658552851023e+00 -3.083884774016247746e-50
5.928309436478826022e+00 -3.043388290672524980e-50
5.929643214404801910e+00 -3.002040918468573333e-50
5.930976992330776909e+00 -2.959856265957569205e-50
5.932310770256751908e+00 -2.916847972295804253e-50
5.933644548182727796e+00 -2.873029905750920459e-50
5.934978326108702795e+00 -2.828415903648006011e-50
5.936312104034677795e+00 -2.783020235391615124e-50
5.937645881960653682e+00 -2.736856605488119591e-50
5.938979659886628681e+00 -2.689939712562094233e-50
5.940313437812603681e+00 -2.642283862079517240e-50
5.941647215738579568e+00 -2.593903489930284873e-50
5.942980993664554568e+00 -2.544813253894816136e-50
5.944314771590530455e+00 -2.495027895876086004e-50
5.945648549516505454e+00 -2.444562144038475151e-50
5.946982327442480454e+00 -2.393431041955732176e-50
5.948316105368456341e+00 -2.341649604898061499e-50
5.949649883294431341e+00 -2.289232857335169655e-50
5.950983661220407228e+00 -2.236196239245550487e-50
5.952317439146382227e+00 -2.182554618740980806e-50
5.953651217072357227e+00 -2.128323849615375566e-50
5.954984994998332226e+00 -2.073519162352813711e-50
5.956318772924308114e+00 -2.018156296985957971e-50
5.957652550850283113e+00 -1.962250785423315976e-50
5.958986328776259001e+00 -1.905818205529038554e-50
5.960320106702234000e+00 -1.848874847346987101e-50
5.961653884628208999e+00 -1.791436171952072505e-50
5.962987662554184887e+00 -1.733518244399595480e-50
5.964321440480159886e+00 -1.675137243957382257e-50
5.965655218406135774e+00 -1.616308953336556968e-50
5.966988996332110773e+00 -1.557049886599852417e-50
5.968322774258085772e+00 -1.497375904567165411e-50
5.969656552184061660e+00 -1.437303680528672051e-50
5.970990330110036659e+00 -1.376849368616539352e-50
5.972324108036011658e+00 -1.316029148369178294e-50
5.973657885961987546e+00 -1.254859985633213870e-50
5.974991663887962545e+00 -1.193357955577802998e-50
5.976325441813937545e+00 -1.131539784197158860e-50
5.977659219739913432e+00 -1.069421944758690353e-50
5.978992997665888431e+00 -1.007021256365583927e-50
5.980326775591864319e+00 -9.443542425901055018e-51
5.981660553517839318e+00 -8.814377677733110775e-51
5.982994331443814318e+00 -8.182884543516799530e-51
5.984328109369790205e+00 -7.549232229510102139e-51
5.985661887295765204e+00 -6.913585517436435472e-51
5.986995665221740204e+00 -6.276120752077039057e-51
5.988329443147716091e+00 -5.636997946311088813e-51
5.989663221073691091e+00 -4.996389342159870710e-51
5.990996998999666090e+00 -4.354467171268382538e-51
5.992330776925641977e+00 -3.711396469709230972e-51
5.993664554851616977e+00 -3.067349992589178701e-51
5.994998332777592864e+00 -2.422495574162159813e-51
5.996332110703567864e+00 -1.777003234436332299e-51
5.997665888629542863e+00 -1.131043568220312156e-51
5.998999666555518750e+00 -4.847858336547328735e-52
6.000333444481493750e+00 1.615991526338231512e-52
6.001667222407469637e+00 8.079412356617353652e-52
6.003001000333444637e+00 1.454071015266533837e-51
6.004334778259419636e+00 2.099818215485327385e-51
6.005668556185394635e+00 2.745013134324639196e-51
6.007002334111370523e+00 3.389484326117595163e-51
6.008336112037345522e+00 4.033064611792313082e-51
6.009669889963321410e+00 4.675582742232564342e-51
6.011003667889296409e+00 5.316869636926113577e-51
6.012337445815271408e+00 5.956755003098892875e-51
6.013671223741247296e+00 6.595071055338399192e-51
6.015005001667222295e+00 7.231647977479613685e-51
6.016338779593198183e+00 7.866318343040117833e-51
6.017672557519173182e+00 8.498911881737723827e-51
6.019006335445148181e+00 9.129262558457715133e-51
6.020340113371123181e+00 9.757199923942304786e-51
6.021673891297099068e+00 1.038255961987244229e-50
6.023007669223074068e+00 1.100517264402957237e-50
6.024341447149049955e+00 1.162487227722832793e-50
6.025675225075024954e+00 1.224149526356136926e-50
6.027009003000999954e+00 1.285487270616708185e-50
6.028342780926975841e+00 1.346483814384101844e-50
6.029676558852950841e+00 1.407123342980364956e-50
6.031010336778926728e+00 1.467388659406572411e-50
6.032344114704901727e+00 1.527263731522526476e-50
6.033677892630876727e+00 1.586732154236148845e-50
6.035011670556851726e+00 1.645777992922706858e-50
6.036345448482827614e+00 1.704384623770024962e-50
6.037679226408802613e+00 1.762536110343380922e-50
6.039013004334778500e+00 1.820216380199654309e-50
6.040346782260753500e+00 1.877409527084305082e-50
6.041680560186728499e+00 1.934099392167009989e-50
6.043014338112704387e+00 1.990270327367579243e-50
6.044348116038679386e+00 2.045906546055491522e-50
6.045681893964655274e+00 2.100992207919013557e-50
6.047015671890630273e+00 2.155511975798382143e-50
6.048349449816605272e+00 2.209449990488111024e-50
6.049683227742580272e+00 2.262791060237363222e-50
6.051017005668556159e+00 2.315519657023465498e-50
6.052350783594531158e+00 2.367620714937191478e-50
6.053684561520507046e+00 2.419078856569961480e-50
6.055018339446482045e+00 2.469879178662942342e-50
6.056352117372457045e+00 2.520006531129177724e-50
6.057685895298432932e+00 2.569446284538825773e-50
6.059019673224407931e+00 2.618183321161478906e-50
6.060353451150383819e+00 2.666203281306607745e-50
6.061687229076358818e+00 2.713491416389699589e-50
6.063021007002333818e+00 2.760033374713229359e-50
6.064354784928309705e+00 2.805814932441075300e-50
6.065688562854284704e+00 2.850821547699779566e-50
6.067022340780259704e+00 2.895039330355327660e-50
6.068356118706235591e+00 2.938454266797289902e-50
6.069689896632210591e+00 2.981052397697678000e-50
6.071023674558185590e+00 3.022820083992094130e-50
6.072357452484161477e+00 3.063743877059827829e-50
6.073691230410136477e+00 3.103809758645886639e-50
6.075025008336112364e+00 3.143004808723162687e-50
6.076358786262087364e+00 3.181315734885892401e-50
6.077692564188062363e+00 3.218729419179974109e-50
6.079026342114038250e+00 3.255232873919994939e-50
6.080360120040013250e+00 3.290813267694411755e-50
6.081693897965989137e+00 3.325458061876481385e-50
6.083027675891964137e+00 3.359154542137540618e-50
6.084361453817939136e+00 3.391890447508902497e-50
6.085695231743914135e+00 3.423653589242201446e-50
6.087029009669890023e+00 3.454431814978974621e-50
6.088362787595865022e+00 3.484213175196425949e-50
6.089696565521840910e+00 3.512985994180791460e-50
6.091030343447815909e+00 3.540738619577578078e-50
6.092364121373790908e+00 3.567459454444248995e-50
6.093697899299766796e+00 3.593137407192870428e-50
6.095031677225741795e+00 3.617761300308007096e-50
6.096365455151717683e+00 3.641320192173860945e-50
6.097699233077692682e+00 3.663803167176383163e-50
6.099033011003667681e+00 3.685199806932460853e-50
6.100366788929642681e+00 3.705499508402970489e-50
6.101700566855618568e+00 3.724692103820883317e-50
6.103034344781593568e+00 3.742767371858453591e-50
6.104368122707569455e+00 3.759715644475742019e-50
6.105701900633544454e+00 3.775526900372886268e-50
6.107035678559519454e+00 3.790191720920051830e-50
6.108369456485495341e+00 3.803700680462574630e-50
6.109703234411470341e+00 3.816044694915907721e-50
6.111037012337446228e+00 3.827214762692140705e-50
6.112370790263421227e+00 3.837202141350169009e-50
6.113704568189396227e+00 3.845998069723048286e-50
6.115038346115371226e+00 3.853594390275432103e-50
6.116372124041347114e+00 3.859982594307859052e-50
6.117705901967322113e+00 3.865154940923550761e-50
6.119039679893298000e+00 3.869103499722869947e-50
6.120373457819273000e+00 3.871820562704814647e-50
6.121707235745247999e+00 3.873298943078852547e-50
6.123041013671223887e+00 3.873531490795219087e-50
6.124374791597198886e+00 3.872510882344953155e-50
6.125708569523174774e+00 3.870230578698607292e-50
6.127042347449149773e+00 3.866684038615036846e-50
6.128376125375124772e+00 3.861865000616565732e-50
6.129709903301099772e+00 3.855767137133313530e-50
6.131043681227075659e+00 3.848384665520228543e-50
6.132377459153050658e+00 3.839711933365933916e-50
6.133711237079026546e+00 3.829743351838162546e-50
6.135045015005001545e+00 3.818473729852375405e-50
6.136378792930976545e+00 3.805898115329429716e-50
6.137712570856952432e+00 3.792011656889596626e-50
6.139046348782927431e+00 3.776809823288195771e-50
6.140380126708903319e+00 3.760288275859444071e-50
6.141713904634878318e+00 3.742442860018163313e-50
6.143047682560853318e+00 3.723269837947279979e-50
6.144381460486829205e+00 3.702765402472874031e-50
6.145715238412804204e+00 3.680926423446760226e-50
6.147049016338779204e+00 3.657749504717242183e-50
6.148382794264755091e+00 3.633231850300941944e-50
6.149716572190730091e+00 3.607370695667916353e-50
6.151050350116705090e+00 3.580163714932684057e-50
6.152384128042680977e+00 3.551608705970198439e-50
6.153717905968655977e+00 3.521703620156322355e-50
6.155051683894631864e+00 3.490446898553494968e-50
6.156385461820606864e+00 3.457836945906310778e-50
6.157719239746581863e+00 3.423872600692310610e-50
6.159053017672557750e+00 3.388553124639392813e-50
6.160386795598532750e+00 3.351877540218037148e-50
6.161720573524508637e+00 3.313845569351001290e-50
6.163054351450483637e+00 3.274456885020638446e-50
6.164388129376458636e+00 3.233711757515484729e-50
6.165721907302433635e+00 3.191610169755959766e-50
6.167055685228409523e+00 3.148152925993922557e-50
6.168389463154384522e+00 3.103341271404210457e-50
6.169723241080360410e+00 3.057175564336875507e-50
6.171057019006335409e+00 3.009657597509740185e-50
6.172390796932310408e+00 2.960788694846568192e-50
6.173724574858286296e+00 2.910571106059308592e-50
6.175058352784261295e+00 2.859006720154401640e-50
6.176392130710237183e+00 2.806097850472591233e-50
6.177725908636212182e+00 2.751847678653007917e-50
6.179059686562187181e+00 2.696258590665763714e-50
6.180393464488162181e+00 2.639334004863882725e-50
6.181727242414138068e+00 2.581077430124093822e-50
6.183061020340113068e+00 2.521492544879985451e-50
6.184394798266088955e+00 2.460583318740964801e-50
6.185728576192063954e+00 2.398354266220952017e-50
6.187062354118038954e+00 2.334809618901210208e-50
6.188396132044014841e+00 2.269954499669236668e-50
6.189729909969989841e+00 2.203793698762071701e-50
6.191063687895965728e+00 2.136332700942458792e-50
6.192397465821940727e+00 2.067577209670054775e-50
6.193731243747915727e+00 1.997533079049519294e-50
6.195065021673890726e+00 1.926206521998105963e-50
6.196398799599866614e+00 1.853603875846236053e-50
6.197732577525841613e+00 1.779731990912648668e-50
6.199066355451817500e+00 1.704597735277016086e-50
6.200400133377792500e+00 1.628208429221889003e-50
6.201733911303767499e+00 1.550571681993151289e-50
6.203067689229743387e+00 1.471695275457533223e-50
6.204401467155718386e+00 1.391587205189312595e-50
6.205735245081694273e+00 1.310255956575530570e-50
6.207069023007669273e+00 1.227710062712780737e-50
6.208402800933644272e+00 1.143958447800086159e-50
6.209736578859619271e+00 1.059010375229996092e-50
6.211070356785595159e+00 9.728751991036950177e-51
6.212404134711570158e+00 8.855626381432877716e-51
6.213737912637546046e+00 7.970828189802787642e-51
6.215071690563521045e+00 7.074458529267290446e-51
6.216405468489496045e+00 6.166623731502756280e-51
6.217739246415471932e+00 5.247431290659870356e-51
6.219073024341446931e+00 4.316993017566753967e-51
6.220406802267422819e+00 3.375419560993780340e-51
6.221740580193397818e+00 2.422832912071490076e-51
6.223074358119372818e+00 1.459346579066785820e-51
6.224408136045348705e+00 4.850836242135205223e-52
6.225741913971323704e+00 -4.998311602873469266e-52
6.227075691897298704e+00 -1.495272486733521640e-51
6.228409469823274591e+00 -2.501108516042064377e-51
6.229743247749249591e+00 -3.517208477940068932e-51
6.231077025675224590e+00 -4.543436889619726843e-51
6.232410803601200477e+00 -5.579657023489991521e-51
6.233744581527175477e+00 -6.625728276783821638e-51
6.235078359453151364e+00 -7.681508618535684105e-51
6.236412137379126364e+00 -8.746851675171722848e-51
6.237745915305101363e+00 -9.821611439927817513e-51
6.239079693231077250e+00 -1.090563831673863336e-50
6.240413471157052250e+00 -1.199877149336142385e-50
6.241747249083028137e+00 -1.310086415736817809e-50
6.243081027009003137e+00 -1.421175654314480755e-50
6.244414804934978136e+00 -1.533128685766647589e-50
6.245748582860953135e+00 -1.645929246977157425e-50
6.247082360786929023e+00 -1.759560790394273050e-50
6.248416138712904022e+00 -1.874006570725183343e-50
6.249749916638879910e+00 -1.989249386989171104e-50
6.251083694564854909e+00 -2.105272143229231464e-50
6.252417472490829908e+00 -2.222057302419768564e-50
6.253751250416805796e+00 -2.339586929058340822e-50
6.255085028342780795e+00 -2.457843184976632736e-50
6.256418806268756683e+00 -2.576807871272914658e-50
6.257752584194731682e+00 -2.696462467411906733e-50
6.259086362120706681e+00 -2.816788107959026046e-50
6.260420140046681681e+00 -2.937766277809371673e-50
6.261753917972657568e+00 -3.059377543751978639e-50
6.263087695898632568e+00 -3.181602305214161694e-50
6.264421473824608455e+00 -3.304421413971460044e-50
6.265755251750583454e+00 -3.427814923372327436e-50
6.267089029676558454e+00 -3.551762761934296730e-50
6.268422807602534341e+00 -3.676244545765530244e-50
6.269756585528509341e+00 -3.801240153245010852e-50
6.271090363454485228e+00 -3.926728844432810894e-50
6.272424141380460227e+00 -4.052689373240763930e-50
6.273757919306435227e+00 -4.179101027952622110e-50
6.275091697232410226e+00 -4.305942583758574202e-50
6.276425475158386114e+00 -4.433192243675776320e-50
6.277759253084361113e+00 -4.560828667801935074e-50
6.279093031010337000e+00 -4.688829878340705622e-50
6.280426808936312000e+00 -4.817173834685197507e-50
6.281760586862286999e+00 -4.945838260489949713e-50
6.283094364788262887e+00 -5.074800916250845558e-50
6.284428142714237886e+00 -5.204038923062348707e-50
6.285761920640213773e+00 -5.333529821727631082e-50
6.287095698566188773e+00 -5.463250547449899117e-50
6.288429476492163772e+00 -5.593177935677054017e-50
6.289763254418138771e+00 -5.723288849690609314e-50
6.291097032344114659e+00 -5.853559749075826885e-50
6.292430810270089658e+00 -5.983967136121416884e-50
6.293764588196065546e+00 -6.114487199962967661e-50
6.295098366122040545e+00 -6.245096145182989045e-50
6.296432144048015545e+00 -6.375769724390169520e-50
6.297765921973991432e+00 -6.506484048436053198e-50
6.299099699899966431e+00 -6.637214577079624019e-50
6.300433477825942319e+00 -6.767936968706958435e-50
6.301767255751917318e+00 -6.898626570524515775e-50
6.303101033677892318e+00 -7.029258661351882515e-50
6.304434811603868205e+00 -7.159808467305389775e-50
6.305768589529843204e+00 -7.290251067326973792e-50
6.307102367455818204e+00 -7.420561303316952922e-50
6.308436145381794091e+00 -7.550713968896390369e-50
6.309769923307769091e+00 -7.680683755921520843e-50
6.311103701233744090e+00 -7.810445684003080007e-50
6.312437479159719977e+00 -7.939973799382868370e-50
6.313771257085694977e+00 -8.069242642797757006e-50
6.315105035011670864e+00 -8.198226560834956241e-50
6.316438812937645864e+00 -8.326899909652499370e-50
6.317772590863620863e+00 -8.455236765808585391e-50
6.319106368789596750e+00 -8.583211179066368248e-50
6.320440146715571750e+00 -8.710797342517621564e-50
6.321773924641547637e+00 -8.837969131472264917e-50
6.323107702567522637e+00 -8.964700515672261309e-50
6.324441480493497636e+00 -9.090965307571571201e-50
6.325775258419472635e+00 -9.216737185838339767e-50
6.327109036345448523e+00 -9.341990104641624191e-50
6.328442814271423522e+00 -9.466697700660839464e-50
6.329776592197399410e+00 -9.590833757417479077e-50
6.331110370123374409e+00 -9.714371734106498195e-50
6.332444148049349408e+00 -9.837285423342494112e-50
6.333777925975325296e+00 -9.959548406385903585e-50
6.335111703901300295e+00 -1.008113426643860056e-49
6.336445481827276183e+00 -1.020201661506072898e-49
6.337779259753251182e+00 -1.032216893676518703e-49
6.339113037679226181e+00 -1.044156503942130983e-49
6.340446815605201181e+00 -1.056017846865679897e-49
6.341780593531177068e+00 -1.067798261635236463e-49
6.343114371457152068e+00 -1.079495143464460039e-49
6.344448149383127955e+00 -1.091105828094563788e-49
6.345781927309102954e+00 -1.102627692790271477e-49
6.347115705235077954e+00 -1.114058143584133040e-49
6.348449483161053841e+00 -1.125394511385534206e-49
6.349783261087028841e+00 -1.136634202687764671e-49
6.351117039013004728e+00 -1.147774589016386794e-49
6.352450816938979727e+00 -1.158813085186940467e-49
6.353784594864954727e+00 -1.169747065121002571e-49
6.355118372790929726e+00 -1.180573953081613040e-49
6.356452150716905614e+00 -1.191291139656888360e-49
6.357785928642880613e+00 -1.201896079976134201e-49
6.359119706568856500e+00 -1.212386201639923984e-49
6.360453484494831500e+00 -1.222758915316563758e-49
6.361787262420806499e+00 -1.233011694646140879e-49
6.363121040346782387e+00 -1.243141991869870795e-49
6.364454818272757386e+00 -1.253147278757948403e-49
6.365788596198733273e+00 -1.263025048469431805e-49
6.367122374124708273e+00 -1.272772796902509505e-49
6.368456152050683272e+00 -1.282388007183615269e-49
6.369789929976658271e+00 -1.291868249213453515e-49
6.371123707902634159e+00 -1.301211027812852309e-49
6.372457485828609158e+00 -1.310413903030287202e-49
6.373791263754585046e+00 -1.319474445871181138e-49
6.375125041680560045e+00 -1.328390246291347266e-49
6.376458819606535044e+00 -1.337158890406488204e-49
6.377792597532510932e+00 -1.345778020773685500e-49
6.379126375458485931e+00 -1.354245233293066587e-49
6.380460153384461819e+00 -1.362558223468235131e-49
6.381793931310436818e+00 -1.370714648642237502e-49
6.383127709236411818e+00 -1.378712209005477663e-49
6.384461487162387705e+00 -1.386548610529533554e-49
6.385795265088362704e+00 -1.394221616946953686e-49
6.387129043014337704e+00 -1.401728955376970700e-49
6.388462820940313591e+00 -1.409068419035313569e-49
6.389796598866288591e+00 -1.416237803956737567e-49
6.391130376792263590e+00 -1.423234968343694788e-49
6.392464154718239477e+00 -1.430057726801827427e-49
6.393797932644214477e+00 -1.436703980872786144e-49
6.395131710570190364e+00 -1.443171612027128981e-49
6.396465488496165364e+00 -1.449458573744715645e-49
6.397799266422140363e+00 -1.455562810277993311e-49
6.399133044348116250e+00 -1.461482303500839639e-49
6.400466822274091250e+00 -1.467215064651287893e-49
6.401800600200067137e+00 -1.472759146891430062e-49
6.403134378126042137e+00 -1.478112606256874559e-49
6.404468156052017136e+00 -1.483273546573105988e-49
6.405801933977992135e+00 -1.488240106940148524e-49
6.407135711903968023e+00 -1.493010435165308708e-49
6.408469489829943022e+00 -1.497582745961097860e-49
6.409803267755918910e+00 -1.501955248047436978e-49
6.411137045681893909e+00 -1.506126216317892600e-49
6.412470823607868908e+00 -1.510093924305622924e-49
6.413804601533844796e+00 -1.513856724900980332e-49
6.415138379459819795e+00 -1.517412961437792664e-49
6.416472157385795683e+00 -1.520761049540137258e-49
6.417805935311770682e+00 -1.523899409905883234e-49
6.419139713237745681e+00 -1.526826524397317824e-49
6.420473491163720681e+00 -1.529540896442517249e-49
6.421807269089696568e+00 -1.532041084410607900e-49
6.423141047015671568e+00 -1.534325667261457150e-49
6.424474824941647455e+00 -1.536393272366451283e-49
6.425808602867622454e+00 -1.538242564781047812e-49
6.427142380793597454e+00 -1.539872250267713770e-49
6.428476158719573341e+00 -1.541281075353799305e-49
6.429809936645548341e+00 -1.542467834545857178e-49
6.431143714571524228e+00 -1.543431352641811743e-49
6.432477492497499227e+00 -1.544170514270388868e-49
6.433811270423474227e+00 -1.544684218601440211e-49
6.435145048349449226e+00 -1.544971439049330160e-49
6.436478826275425114e+00 -1.545031179463710093e-49
6.437812604201400113e+00 -1.544862486134735996e-49
6.439146382127376000e+00 -1.544464466359089096e-49
6.440480160053351000e+00 -1.543836255328591384e-49
6.441813937979325999e+00 -1.542977036046984047e-49
6.443147715905301887e+00 -1.541886051508538345e-49
6.444481493831276886e+00 -1.540562588335099557e-49
6.445815271757252773e+00 -1.539005973839358559e-49
6.447149049683227773e+00 -1.537215585668095975e-49
6.448482827609202772e+00 -1.535190852246305066e-49
6.449816605535177771e+00 -1.532931260273302470e-49
6.451150383461153659e+00 -1.530436344343590846e-49
6.452484161387128658e+00 -1.527705670600213367e-49
6.453817939313104546e+00 -1.524738869327311387e-49
6.455151717239079545e+00 -1.521535645806822199e-49
6.456485495165054544e+00 -1.518095712523524356e-49
6.457819273091030432e+00 -1.514418865766132119e-49
6.459153051017005431e+00 -1.510504950326708968e-49
6.460486828942981319e+00 -1.506353849299974951e-49
6.461820606868956318e+00 -1.501965522780975827e-49
6.463154384794931318e+00 -1.497339970157991170e-49
6.464488162720907205e+00 -1.492477242689427138e-49
6.465821940646882204e+00 -1.487377442083278786e-49
6.467155718572857204e+00 -1.482040785326832193e-49
6.468489496498833091e+00 -1.476467444413757736e-49
6.469823274424808091e+00 -1.470657717068582565e-49
6.471157052350783090e+00 -1.464611935700445494e-49
6.472490830276758977e+00 -1.458330509149185042e-49
6.473824608202733977e+00 -1.451813885323340969e-49
6.475158386128709864e+00 -1.445062530386347972e-49
6.476492164054684864e+00 -1.438077075464001976e-49
6.477825941980659863e+00 -1.430858111208007683e-49
6.479159719906635750e+00 -1.423406325608959655e-49
6.480493497832610750e+00 -1.415722471066989964e-49
6.481827275758586637e+00 -1.407807337789066300e-49
6.483161053684561637e+00 -1.399661796219260743e-49
6.484494831610536636e+00 -1.391286763991627104e-49
6.485828609536511635e+00 -1.382683236220450332e-49
6.487162387462487523e+00 -1.373852232393805549e-49
6.488496165388462522e+00 -1.364794878075040604e-49
6.489829943314438410e+00 -1.355512323579222243e-49
6.491163721240413409e+00 -1.346005803716705646e-49
6.492497499166388408e+00 -1.336276602183494747e-49
6.493831277092364296e+00 -1.326326089806409024e-49
6.495165055018339295e+00 -1.316155589362855869e-49
6.496498832944315183e+00 -1.305766673547679693e-49
6.497832610870290182e+00 -1.295160853774348554e-49
6.499166388796265181e+00 -1.284339683918106332e-49
6.500500166722240181e+00 -1.273304858555585558e-49
6.501833944648216068e+00 -1.262058095041629381e-49
6.503167722574191068e+00 -1.250601175767068407e-49
6.504501500500166955e+00 -1.238935934715491442e-49
6.505835278426141954e+00 -1.227064296686487486e-49
6.507169056352116954e+00 -1.214988217089325459e-49
6.508502834278092841e+00 -1.202709757505292408e-49
6.509836612204067841e+00 -1.190230992262088727e-49
6.511170390130043728e+00 -1.177554081933665234e-49
6.512504168056018727e+00 -1.164681257453740277e-49
6.513837945981993727e+00 -1.151614814914785770e-49
6.515171723907968726e+00 -1.138357101438309977e-49
6.516505501833944614e+00 -1.124910510050532602e-49
6.517839279759919613e+00 -1.111277528880255788e-49
6.519173057685895500e+00 -1.097460697851279138e-49
6.520506835611870500e+00 -1.083462627946414095e-49
6.521840613537845499e+00 -1.069285965922694274e-49
6.523174391463821387e+00 -1.054933474927578813e-49
6.524508169389796386e+00 -1.040407878940077331e-49
6.525841947315772273e+00 -1.025712085556332392e-49
6.527175725241747273e+00 -1.010849019739395881e-49
6.528509503167722272e+00 -9.958215988579943951e-50
6.529843281093697271e+00 -9.806329099599848277e-50
6.531177059019673159e+00 -9.652860339005653653e-50
6.532510836945648158e+00 -9.497841674989242140e-50
6.533844614871624046e+00 -9.341304635840250143e-50
6.535178392797599045e+00 -9.183282912158112785e-50
6.536512170723574044e+00 -9.023809351514742060e-50
6.537845948649549932e+00 -8.862918430910145027e-50
6.539179726575524931e+00 -8.700644583424845775e-50
6.540513504501500819e+00 -8.537023315461500210e-50
6.541847282427475818e+00 -8.372090148377917860e-50
6.543181060353450818e+00 -8.205881938017379730e-50
6.544514838279426705e+00 -8.038435610212555370e-50
6.545848616205401704e+00 -7.869788779604822704e-50
6.547182394131376704e+00 -7.699979814108105937e-50
6.548516172057352591e+00 -7.529047527501340432e-50
6.549849949983327591e+00 -7.357031317222402275e-50
6.551183727909302590e+00 -7.183971131507201481e-50
6.552517505835278477e+00 -7.009907600255243671e-50
6.553851283761253477e+00 -6.834881605057013551e-50
6.555185061687229364e+00 -6.658935336300116433e-50
6.556518839613204364e+00 -6.482110597802013203e-50
6.557852617539179363e+00 -6.304450408380803066e-50
6.559186395465155250e+00 -6.125998025637199311e-50
6.560520173391130250e+00 -5.946797380821398836e-50
6.561853951317106137e+00 -5.766893069185565374e-50
6.563187729243081137e+00 -5.586329555537917491e-50
6.564521507169056136e+00 -5.405152854757392124e-50
6.565855285095031135e+00 -5.223408689307675224e-50
6.567189063021007023e+00 -5.041143743935900329e-50
6.568522840946982022e+00 -4.858404937251100760e-50
6.569856618872957910e+00 -4.675239800412459282e-50
6.571190396798932909e+00 -4.491696615838064400e-50
6.572524174724907908e+00 -4.307823461535358354e-50
6.573857952650883796e+00 -4.123669673433928090e-50
6.575191730576858795e+00 -3.939284333960799011e-50
6.576525508502834683e+00 -3.754718217300781651e-50
6.577859286428809682e+00 -3.570020966425676527e-50
6.579193064354784681e+00 -3.385243745433831320e-50
6.580526842280759681e+00 -3.200437789854442204e-50
6.581860620206735568e+00 -3.015654667430790671e-50
6.583194398132710567e+00 -2.830947205519946865e-50
6.584528176058686455e+00 -2.646367225599616123e-50
6.585861953984661454e+00 -2.461968143430602552e-50
6.587195731910636454e+00 -2.277803341578491594e-50
6.588529509836612341e+00 -2.093926889380593569e-50
6.589863287762587341e+00 -1.910392623420477171e-50
6.591197065688563228e+00 -1.727255201308462389e-50
6.592530843614538227e+00 -1.544569853537556923e-50
6.593864621540513227e+00 -1.362391755957647911e-50
6.595198399466488226e+00 -1.180776478659169511e-50
6.596532177392464114e+00 -9.997802045574776179e-51
6.597865955318439113e+00 -8.194593081375405682e-51
6.599199733244415000e+00 -6.398704930939175303e-51
6.600533511170390000e+00 -4.610707597451562420e-51
6.601867289096364999e+00 -2.831172829101657833e-51
6.603201067022340887e+00 -1.060678069324690615e-51
6.604534844948315886e+00 7.001960439699845572e-52
6.605868622874291773e+00 2.450870199017421276e-51
6.607202400800266773e+00 4.190757951468492090e-51
6.608536178726241772e+00 5.919275689468097772e-51
6.609869956652216771e+00 7.635827640320389381e-51
6.611203734578192659e+00 9.339829500588861606e-51
6.612537512504167658e+00 1.103068346566924268e-50
6.613871290430143546e+00 1.270779318831088327e-50
6.615205068356118545e+00 1.437056039370664077e-50
6.616538846282093544e+00 1.601838804317705712e-50
6.617872624208069432e+00 1.765067153163918633e-50
6.619206402134044431e+00 1.926680649323110400e-50
6.620540180060020319e+00 2.086619160317838299e-50
6.621873957985995318e+00 2.244821890337369950e-50
6.623207735911970317e+00 2.401228042943666803e-50
6.624541513837946205e+00 2.555776757066946549e-50
6.625875291763921204e+00 2.708407052170444196e-50
6.627209069689896204e+00 2.859057965603452686e-50
6.628542847615872091e+00 3.007668134169791290e-50
6.629876625541847091e+00 3.154176576090526147e-50
6.631210403467822090e+00 3.298521963617745584e-50
6.632544181393797977e+00 3.440642877549890899e-50
6.633877959319772977e+00 3.580478062944824828e-50
6.635211737245748864e+00 3.717966205709040868e-50
6.636545515171723864e+00 3.853045873442411301e-50
6.637879293097698863e+00 3.985655765943977460e-50
6.639213071023674750e+00 4.115734688743779634e-50
6.640546848949649750e+00 4.243221183687402954e-50
6.641880626875625637e+00 4.368053912447790780e-50
6.643214404801600637e+00 4.490172302478470796e-50
6.644548182727575636e+00 4.609514828485216737e-50
6.645881960653550635e+00 4.726020449417872450e-50
6.647215738579526523e+00 4.839628513790392958e-50
6.648549516505501522e+00 4.950278219226867075e-50
6.649883294431477410e+00 5.057908972803541104e-50
6.651217072357452409e+00 5.162460307932262722e-50
6.652550850283427408e+00 5.263871839784897013e-50
6.653884628209403296e+00 5.362083865466594930e-50
6.655218406135378295e+00 5.457036604624806424e-50
6.656552184061354183e+00 5.548668568539139006e-50
6.657885961987329182e+00 5.636922410396908103e-50
6.659219739913304181e+00 5.721738088737853784e-50
6.660553517839279181e+00 5.803056675304964687e-50
6.661887295765255068e+00 5.880819476293890287e-50
6.663221073691230067e+00 5.954967982863913373e-50
6.664554851617205955e+00 6.025444216439520493e-50
6.665888629543180954e+00 6.092190231188073178e-50
6.667222407469155954e+00 6.155148499178222566e-50
6.668556185395131841e+00 6.214261956568988789e-50
6.669889963321106841e+00 6.269473931568317569e-50
6.671223741247082728e+00 6.320727838077073821e-50
6.672557519173057727e+00 6.367967911781991220e-50
6.673891297099032727e+00 6.411138123379501189e-50
6.675225075025007726e+00 6.450183581606498438e-50
6.676558852950983614e+00 6.485049464053884980e-50
6.677892630876958613e+00 6.515681549199111755e-50
6.679226408802934500e+00 6.542025820171150036e-50
6.680560186728909500e+00 6.564029102652883790e-50
6.681893964654884499e+00 6.581638489642332323e-50
6.683227742580860387e+00 6.594801730764303742e-50
6.684561520506835386e+00 6.603466720339047291e-50
6.685895298432811273e+00 6.607582498182509714e-50
6.687229076358786273e+00 6.607098123822946422e-50
6.688562854284761272e+00 6.601963374858271191e-50
6.689896632210736271e+00 6.592129572594675569e-50
6.691230410136712159e+00 6.577546494761824335e-50
6.692564188062687158e+00 6.558166569624711785e-50
6.693897965988663046e+00 6.533942111280031350e-50
6.695231743914638045e+00 6.504825865610242202e-50
6.696565521840613044e+00 6.470771584346154371e-50
6.697899299766588932e+00 6.431733555900633747e-50
6.699233077692563931e+00 6.387666830841162063e-50
6.700566855618539819e+00 6.338527160143356050e-50
6.701900633544514818e+00 6.284270965292974046e-50
6.703234411470489817e+00 6.224855436646119128e-50
6.704568189396465705e+00 6.160238512065204915e-50
6.705901967322440704e+00 6.090379084649435584e-50
6.707235745248416592e+00 6.015236436311043227e-50
6.708569523174391591e+00 5.934771170189753851e-50
6.709903301100366591e+00 5.848944184700881027e-50
6.711237079026341590e+00 5.757717582249735991e-50
6.712570856952317477e+00 5.661054182741576117e-50
6.713904634878292477e+00 5.558917675600127603e-50
6.715238412804268364e+00 5.451272631739875504e-50
6.716572190730243364e+00 5.338084447321986182e-50
6.717905968656218363e+00 5.219319561935791495e-50
6.719239746582194250e+00 5.094945212194236308e-50
6.720573524508169250e+00 4.964929617859093223e-50
6.721907302434145137e+00 4.829242051497446962e-50
6.723241080360120137e+00 4.687852556384537141e-50
6.724574858286095136e+00 4.540732028645700713e-50
6.725908636212070135e+00 4.387852582285882680e-50
6.727242414138046023e+00 4.229188027514610335e-50
6.728576192064021022e+00 4.064711551852588889e-50
6.729909969989996910e+00 3.894398602070899082e-50
6.731243747915971909e+00 3.718225738847055474e-50
6.732577525841946908e+00 3.536169663731363112e-50
6.733911303767922796e+00 3.348208960330643524e-50
6.735245081693897795e+00 3.154322815775887093e-50
6.736578859619873683e+00 2.954491910689910355e-50
6.737912637545848682e+00 2.748697671241847429e-50
6.739246415471823681e+00 2.536923027743283808e-50
6.740580193397798681e+00 2.319151471249505595e-50
6.741913971323774568e+00 2.095368108451841033e-50
6.743247749249749567e+00 1.865558869548115334e-50
6.744581527175725455e+00 1.629711697525038482e-50
6.745915305101700454e+00 1.387814431174577127e-50
6.747249083027675454e+00 1.139856769268865683e-50
6.748582860953651341e+00 8.858296907860654559e-51
6.749916638879626340e+00 6.257251505836923506e-51
6.751250416805602228e+00 3.595364450526491801e-51
6.752584194731577227e+00 8.725806112926205009e-52
6.753917972657552227e+00 -1.911141791516708344e-51
6.755251750583527226e+00 -4.755836800684610409e-51
6.756585528509503114e+00 -7.661518716261411749e-51
6.757919306435478113e+00 -1.062819366203993459e-50
6.759253084361454000e+00 -1.365585490981559369e-50
6.760586862287429000e+00 -1.674448137737414370e-50
6.761920640213403999e+00 -1.989403974294992792e-50
6.763254418139379887e+00 -2.310448436145346924e-50
6.764588196065354886e+00 -2.637575656156071466e-50
6.765921973991330773e+00 -2.970778304453682092e-50
6.767255751917305773e+00 -3.310048690117033537e-50
6.768589529843280772e+00 -3.655374646233992860e-50
6.769923307769255771e+00 -4.006747056797576552e-50
6.771257085695231659e+00 -4.364153258796887013e-50
6.772590863621206658e+00 -4.727578772557784693e-50
6.773924641547182546e+00 -5.097008301522835253e-50
6.775258419473157545e+00 -5.472425736774854181e-50
6.776592197399132544e+00 -5.853813366133802981e-50
6.777925975325108432e+00 -6.241150781059941921e-50
6.779259753251083431e+00 -6.634418477083764587e-50
6.780593531177059319e+00 -7.033593968045264577e-50
6.781927309103034318e+00 -7.438654067754793822e-50
6.783261087029009317e+00 -7.849573916308400752e-50
6.784594864954985205e+00 -8.266327498852124896e-50
6.785928642880960204e+00 -8.688887312315225798e-50
6.787262420806936092e+00 -9.117224346706016872e-50
6.788596198732911091e+00 -9.551308603667885173e-50
6.789929976658886090e+00 -9.991108418351970558e-50
6.791263754584861090e+00 -1.043659059703072219e-49
6.792597532510836977e+00 -1.088772113655406649e-49
6.793931310436811977e+00 -1.134446408803446508e-49
6.795265088362787864e+00 -1.180678243639386356e-49
6.796598866288762864e+00 -1.227463778895729932e-49
6.797932644214737863e+00 -1.274799020582191239e-49
6.799266422140713750e+00 -1.322679849422085984e-49
6.800600200066688750e+00 -1.371102034798339549e-49
6.801933977992664637e+00 -1.420061195364481837e-49
6.803267755918639637e+00 -1.469552745657596326e-49
6.804601533844614636e+00 -1.519572094642403093e-49
6.805935311770589635e+00 -1.570114422202559045e-49
6.807269089696565523e+00 -1.621174833194570939e-49
6.808602867622540522e+00 -1.672748247236278981e-49
6.809936645548516410e+00 -1.724829492847878570e-49
6.811270423474491409e+00 -1.777413239193162792e-49
6.812604201400466408e+00 -1.830494091114241738e-49
6.813937979326442296e+00 -1.884066426356139669e-49
6.815271757252417295e+00 -1.938124567920167375e-49
6.816605535178393183e+00 -1.992662713345488062e-49
6.817939313104368182e+00 -2.047674895424796643e-49
6.819273091030343181e+00 -2.103155039256795807e-49
6.820606868956318181e+00 -2.159096970411312424e-49
6.821940646882294068e+00 -2.215494392801137918e-49
6.823274424808269067e+00 -2.272340852133048294e-49
6.824608202734244955e+00 -2.329629822220036976e-49
6.825941980660219954e+00 -2.387354670670563588e-49
6.827275758586194954e+00 -2.445508588171582919e-49
6.828609536512170841e+00 -2.504084717688678199e-49
6.829943314438145840e+00 -2.563076072386141820e-49
6.831277092364121728e+00 -2.622475569769515610e-49
6.832610870290096727e+00 -2.682276016999184379e-49
6.833944648216071727e+00 -2.742470096444797576e-49
6.835278426142046726e+00 -2.803050434835009782e-49
6.836612204068022614e+00 -2.864009544661773963e-49
6.837945981993997613e+00 -2.925339834284000053e-49
6.839279759919973500e+00 -2.987033651744390075e-49
6.840613537845948500e+00 -3.049083226245887446e-49
6.841947315771923499e+00 -3.111480724174845656e-49
6.843281093697899387e+00 -3.174218233728624778e-49
6.844614871623874386e+00 -3.237287754382820581e-49
6.845948649549850273e+00 -3.300681221997705548e-49
6.847282427475825273e+00 -3.364390507283387345e-49
6.848616205401800272e+00 -3.428407407723281119e-49
6.849949983327775271e+00 -3.492723654983387450e-49
6.851283761253751159e+00 -3.557330948292010750e-49
6.852617539179726158e+00 -3.622220935209396992e-49
6.853951317105702046e+00 -3.687385164313742527e-49
6.855285095031677045e+00 -3.752815195883898779e-49
6.856618872957652044e+00 -3.818502590177007268e-49
6.857952650883627932e+00 -3.884438759339048765e-49
6.859286428809602931e+00 -3.950615195655215392e-49
6.860620206735578819e+00 -4.017023321484783854e-49
6.861953984661553818e+00 -4.083654589445929120e-49
6.863287762587528817e+00 -4.150500388468948006e-49
6.864621540513504705e+00 -4.217552130703263238e-49
6.865955318439479704e+00 -4.284801264515767120e-49
6.867289096365455592e+00 -4.352239208700763701e-49
6.868622874291430591e+00 -4.419857420146801265e-49
6.869956652217405590e+00 -4.487647408878373308e-49
6.871290430143380590e+00 -4.555600680346007717e-49
6.872624208069356477e+00 -4.623708887670314132e-49
6.873957985995331477e+00 -4.691963559468324192e-49
6.875291763921307364e+00 -4.760356409217468371e-49
6.876625541847282364e+00 -4.828879236734410066e-49
6.877959319773257363e+00 -4.897523889443811328e-49
6.879293097699233250e+00 -4.966282282853501769e-49
6.880626875625208250e+00 -5.035146573994228384e-49
6.881960653551184137e+00 -5.104108815153321942e-49
6.883294431477159137e+00 -5.173161392457515269e-49
6.884628209403134136e+00 -5.242296703840371148e-49
6.885961987329109135e+00 -5.311507392781240704e-49
6.887295765255085023e+00 -5.380786206133638777e-49
6.888629543181060022e+00 -5.450126137353553561e-49
6.889963321107035910e+00 -5.519520316600201445e-49
6.891297099033010909e+00 -5.588962136160088642e-49
6.892630876958985908e+00 -5.658445193794058095e-49
6.893964654884961796e+00 -5.727963368624164531e-49
6.895298432810936795e+00 -5.797510782150105742e-49
6.896632210736912683e+00 -5.867081837392266708e-49
6.897965988662887682e+00 -5.936671356915444744e-49
6.899299766588862681e+00 -6.006274279158544993e-49
6.900633544514837681e+00 -6.075886111662754678e-49
6.901967322440813568e+00 -6.145502512393504092e-49
6.903301100366788567e+00 -6.215119990618239082e-49
6.904634878292764455e+00 -6.284734885682831890e-49
6.905968656218739454e+00 -6.354344368133497029e-49
6.907302434144714454e+00 -6.423946061686427594e-49
6.908636212070690341e+00 -6.493538034988737256e-49
6.909969989996665340e+00 -6.563118960734827539e-49
6.911303767922641228e+00 -6.632688082393937431e-49
6.912637545848616227e+00 -6.702245278502217676e-49
6.913971323774591227e+00 -6.771791080904825497e-49
6.915305101700566226e+00 -6.841326749346455630e-49
6.916638879626542113e+00 -6.910854288013531673e-49
6.917972657552517113e+00 -6.980376531632266018e-49
6.919306435478493000e+00 -7.049897132694947890e-49
6.920640213404468000e+00 -7.119420644554088021e-49
6.921973991330442999e+00 -7.188952633993691503e-49
6.923307769256418887e+00 -7.258499673859642826e-49
6.924641547182393886e+00 -7.328069351190632921e-49
6.925975325108369773e+00 -7.397670668106760207e-49
6.927309103034344773e+00 -7.467313580533617300e-49
6.928642880960319772e+00 -7.537009513857625254e-49
6.929976658886294771e+00 -7.606771239198419684e-49
6.931310436812270659e+00 -7.676613118314322592e-49
6.932644214738245658e+00 -7.746551087280661651e-49
6.933977992664221546e+00 -7.816602762810899322e-49
6.935311770590196545e+00 -7.886787633997464620e-49
6.936645548516171544e+00 -7.957127173988924829e-49
6.937979326442147432e+00 -8.027644887816914723e-49
6.939313104368122431e+00 -8.098366577901944834e-49
6.940646882294098319e+00 -8.169320465738846876e-49
6.941980660220073318e+00 -8.240537373115841882e-49
6.943314438146048317e+00 -8.312050872379426377e-49
6.944648216072024205e+00 -8.383897543989947426e-49
6.945981993997999204e+00 -8.456117186552540229e-49
6.947315771923975092e+00 -8.528753099678702666e-49
6.948649549849950091e+00 -8.601852296768402732e-49
6.949983327775925090e+00 -8.675465871266850550e-49
6.951317105701900090e+00 -8.749649308802653942e-49
6.952650883627875977e+00 -8.824462820257711826e-49
6.953984661553850977e+00 -8.899971761267141720e-49
6.955318439479826864e+00 -8.976247151014386513e-49
6.956652217405801863e+00 -9.053366053033164965e-49
6.957985995331776863e+00 -9.131412267750426051e-49
6.959319773257752750e+00 -9.210476777838690427e-49
6.960653551183727750e+00 -9.290658602044367855e-49
6.961987329109703637e+00 -9.372065543989955611e-49
6.963321107035678637e+00 -9.454814925104664307e-49
6.964654884961653636e+00 -9.539034770482991677e-49
6.965988662887628635e+00 -9.624864717036889858e-49
6.967322440813604523e+00 -9.712457555560675636e-49
6.968656218739579522e+00 -9.801980360577667293e-49
6.969989996665555410e+00 -9.893616285039891974e-49
6.971323774591530409e+00 -9.987566620347872580e-49
6.972657552517505408e+00 -1.008405267746818452e-48
6.973991330443481296e+00 -1.018331849938168939e-48
6.975325108369456295e+00 -1.028563398773522644e-48
6.976658886295432183e+00 -1.039129752855700384e-48
6.977992664221407182e+00 -1.050064149430835821e-48
6.979326442147382181e+00 -1.061403574958185764e-48
6.980660220073357181e+00 -1.073189399100882788e-48
6.981993997999333068e+00 -1.085468051436719208e-48
6.983327775925308067e+00 -1.098291855419717030e-48
6.984661553851283955e+00 -1.111720036395746096e-48
6.985995331777258954e+00 -1.125819970109702086e-48
6.987329109703233954e+00 -1.140668725464308947e-48
6.988662887629209841e+00 -1.156355012869080911e-48
6.989996665555184840e+00 -1.172981639362255628e-48
6.991330443481160728e+00 -1.190668681174359261e-48
6.992664221407135727e+00 -1.209557641109798080e-48
6.993997999333110727e+00 -1.229816974349067760e-48
6.995331777259085726e+00 -1.251649660279090504e-48
6.996665555185061613e+00 -1.275303850844547037e-48
6.997999333111036613e+00 -1.301088630355133511e-48
6.999333111037012500e+00 -1.329399029354116671e-48
7.000666888962987500e+00 -1.360761216080261530e-48
7.002000666888962499e+00 -1.395935099874485010e-48
7.003334444814938387e+00 -1.436264735579569464e-48
7.004668222740913386e+00 -1.486223039503814136e-48
7.006002000666889273e+00 -1.434267183184407744e-48
7.007335778592864273e+00 -1.567450204425865667e-48
7.008669556518839272e+00 -1.624453900601561866e-48
7.010003334444814271e+00 -1.524121538701307561e-48
7.011337112370790159e+00 2.547397178349605451e-49
7.012670890296766046e+00 -1.999919713477343293e-48
7.014004668222741046e+00 -2.346581193832132573e-48
7.015338446148716045e+00 -2.997981944675777695e-48
7.016672224074691044e+00 -9.914632716758503675e-48
7.018006002000666932e+00 -5.048406883624138396e-47
7.019339779926641931e+00 1.999899856943391365e-48
7.020673557852617819e+00 3.560083814399243300e-49
7.022007335778592818e+00 1.340384824382527854e-48
7.023341113704567817e+00 1.917806802130149353e-47
7.024674891630542817e+00 -6.507129421991083986e-48
7.026008669556518704e+00 -8.004390465773973192e-48
7.027342447482494592e+00 1.837379023493419323e-47
7.028676225408469591e+00 1.040609337046435170e-48
7.030010003334444590e+00 -9.088758690719200660e-49
7.031343781260419590e+00 2.320009681963259657e-47
7.032677559186395477e+00 -7.743749544660779908e-49
7.034011337112370477e+00 -1.900508056602650800e-48
7.035345115038346364e+00 -4.233073339006696696e-48
7.036678892964321363e+00 6.060640947458582522e-47
7.038012670890296363e+00 -7.044724376267775334e-49
7.039346448816271362e+00 -1.422370087948909663e-48
7.040680226742247250e+00 -6.964415654854697319e-48
7.042014004668223137e+00 -2.642230149474252298e-47
7.043347782594198137e+00 -1.788525764857802346e-48
7.044681560520173136e+00 -2.035832872001024292e-48
7.046015338446148135e+00 -1.856878646058012320e-48
7.047349116372124023e+00 -2.913575823671956468e-48
7.048682894298099022e+00 -3.535602517819882956e-48
7.050016672224074910e+00 -5.110319810766227735e-48
7.051350450150049909e+00 -2.032888962927461089e-48
7.052684228076024908e+00 -6.907956729773320561e-48
7.054018006001999908e+00 -3.309342026435259848e-47
7.055351783927975795e+00 5.026833110035078336e-48
7.056685561853951683e+00 1.954528115399265199e-48
7.058019339779926682e+00 7.437196073852777355e-48
7.059353117705901681e+00 8.933009770337204169e-47
7.060686895631876681e+00 -1.835180717107927305e-45
7.062020673557852568e+00 -2.746476155150341321e-47
7.063354451483828456e+00 1.881475533510601570e-47
7.064688229409803455e+00 -4.022256468873771535e-47
7.066022007335778454e+00 9.061407801150153037e-47
7.067355785261753454e+00 1.544136315693078277e-45
7.068689563187729341e+00 7.514200703529584532e-47
7.070023341113704340e+00 8.359352339183145708e-47
7.071357119039680228e+00 3.582615847779150783e-47
7.072690896965655227e+00 1.740669825020718685e-46
7.074024674891630227e+00 -4.534369860149885810e-47
7.075358452817605226e+00 6.545951219158819575e-47
7.076692230743581113e+00 -1.286244199042911670e-47
7.078026008669557001e+00 1.104359083378349824e-47
7.079359786595532000e+00 -5.266386652451228664e-47
7.080693564521507000e+00 -2.039450836458695987e-46
7.082027342447481999e+00 6.561058937911588066e-48
7.083361120373457887e+00 1.627011663775312427e-47
7.084694898299432886e+00 4.144475333250150751e-47
7.086028676225408773e+00 5.692510095092887526e-47
7.087362454151383773e+00 -3.253565316407609099e-46
7.088696232077358772e+00 -4.852321934419271545e-47
7.090030010003333771e+00 2.557177225200122022e-47
7.091363787929309659e+00 7.449819902230142797e-47
7.092697565855285546e+00 -1.897590363702530244e-45
7.094031343781260546e+00 2.094999881546279899e-47
7.095365121707235545e+00 -4.549688611536683656e-47
7.096698899633210544e+00 -4.068345778734704503e-47
7.098032677559186432e+00 2.080384558072185825e-48
7.099366455485161431e+00 -3.135492000886918373e-47
7.100700233411137319e+00 -4.059202849891667555e-47
7.102034011337112318e+00 -2.288008892793558954e-47
7.103367789263087317e+00 8.510632729699519966e-48
7.104701567189062317e+00 -1.222617992725727659e-47
7.106035345115038204e+00 -2.120279873778821321e-47
7.107369123041014092e+00 -3.847416814417362730e-47
7.108702900966989091e+00 -5.127711873112217679e-48
7.110036678892964090e+00 -9.485588919500865002e-47
7.111370456818939090e+00 -2.556671345893618644e-48
7.112704234744914977e+00 1.535877201593350129e-45
7.114038012670889977e+00 3.181542031187321395e-48
7.115371790596865864e+00 7.607879818799696605e-48
7.116705568522840863e+00 6.354870167315112033e-47
7.118039346448815863e+00 1.438960622446242641e-47
7.119373124374790862e+00 3.034630739987894346e-47
7.120706902300766750e+00 -2.366813254078901117e-45
7.122040680226742637e+00 -5.013177837108149308e-47
7.123374458152717636e+00 1.713856809344588717e-46
7.124708236078692636e+00 -2.204507945660063905e-46
7.126042014004667635e+00 -4.974253991863488010e-46
7.127375791930643523e+00 9.582466268193269510e-46
7.128709569856619410e+00 1.113948169413919020e-44
7.130043347782594410e+00 5.330570561215913040e-46
7.131377125708569409e+00 -4.456499130074969189e-47
7.132710903634544408e+00 -1.434963684489455251e-45
7.134044681560519408e+00 -2.806336893149007082e-47
7.135378459486495295e+00 -5.310840465154904432e-48
7.136712237412471183e+00 1.001912453199130451e-46
7.138046015338446182e+00 4.142116270270598604e-47
7.139379793264421181e+00 4.198793749612641685e-47
7.140713571190396181e+00 -1.167471544044309496e-47
7.142047349116372068e+00 9.937452993138768959e-48
7.143381127042347956e+00 6.477818854204856659e-47
7.144714904968322955e+00 -3.749882154464293468e-47
7.146048682894297954e+00 3.295954022248383754e-47
7.147382460820272954e+00 4.856031002748353435e-47
7.148716238746248841e+00 -9.050295704723687481e-46
7.150050016672223840e+00 1.797778115919181138e-46
7.151383794598199728e+00 1.987252108128806000e-47
7.152717572524174727e+00 5.268249605520347979e-46
7.154051350450149727e+00 -3.471130328220630972e-48
7.155385128376124726e+00 -7.945456858885250264e-48
7.156718906302100613e+00 1.404438966137458760e-46
7.158052684228076501e+00 6.340302498417270885e-47
7.159386462154051500e+00 3.062212784482751178e-47
7.160720240080026500e+00 2.188347029238969231e-46
7.162054018006001499e+00 9.432214174534109793e-47
7.163387795931977386e+00 1.756865459059606287e-46
7.164721573857952386e+00 -3.425554589449698114e-46
7.166055351783928273e+00 -1.227522510499064849e-47
7.167389129709903273e+00 -4.162794167459784410e-48
7.168722907635878272e+00 2.996370735257233721e-46
7.170056685561853271e+00 -6.318935501094474172e-48
7.171390463487829159e+00 2.395441703560791665e-46
7.172724241413805046e+00 4.142325591628268746e-45
7.174058019339780046e+00 -6.088622736444155097e-47
7.175391797265755045e+00 -9.197111544932168864e-46
7.176725575191730044e+00 -7.705559939399504920e-47
7.178059353117705932e+00 -6.393592500366439434e-47
7.179393131043680931e+00 -1.061957830729081675e-47
7.180726908969656819e+00 2.621804708191620576e-47
7.182060686895631818e+00 2.541907368250282296e-46
7.183394464821606817e+00 -2.164624139652065763e-46
7.184728242747581817e+00 1.202189195326087624e-46
7.186062020673557704e+00 -1.675673295430421499e-46
7.187395798599533592e+00 -1.077855423450464164e-46
7.188729576525508591e+00 -1.359926328171730834e-46
7.190063354451483590e+00 -2.200535309665349412e-46
7.191397132377458590e+00 -8.538200646012905064e-46
7.192730910303434477e+00 3.843771991178237164e-46
7.194064688229409477e+00 1.335570269811967929e-47
7.195398466155385364e+00 2.023905388010875257e-46
7.196732244081360363e+00 3.953016947421290594e-47
7.198066022007335363e+00 -1.560231788501927973e-46
7.199399799933310362e+00 -3.930712366045771284e-45
7.200733577859286250e+00 -1.613347301877939258e-45
7.202067355785262137e+00 1.548126970441871416e-45
7.203401133711237136e+00 4.279562501037757576e-44
7.204734911637212136e+00 -2.566577659337694553e-46
7.206068689563187135e+00 -2.162957152625418912e-46
7.207402467489163023e+00 -1.765881806818758275e-46
7.208736245415138910e+00 -1.363678349298191311e-46
7.210070023341113910e+00 3.666411574000931344e-47
7.211403801267088909e+00 -2.131902829065966403e-46
7.212737579193063908e+00 8.969624250215335958e-45
7.214071357119038908e+00 2.098420632708266668e-46
7.215405135045014795e+00 2.922023043360073966e-46
7.216738912970990683e+00 3.835312302167815631e-44
7.218072690896965682e+00 -3.071321446217146899e-46
7.219406468822940681e+00 -2.572387845985317318e-46
7.220740246748915681e+00 -2.697811227145743026e-46
7.222074024674891568e+00 -7.818647655573523648e-46
7.223407802600867456e+00 1.195416504419795050e-46
7.224741580526842455e+00 -2.507035422861255676e-46
7.226075358452817454e+00 1.627076505668455050e-46
7.227409136378792454e+00 4.817654743901251309e-47
7.228742914304768341e+00 -4.783645346791190522e-46
7.230076692230743340e+00 2.107808341326577702e-45
7.231410470156719228e+00 4.548040651258388185e-46
7.232744248082694227e+00 9.359512024700697189e-47
7.234078026008669227e+00 1.998736509116875327e-46
7.235411803934644226e+00 -4.188721891299690651e-46
7.236745581860620113e+00 -1.143952441293348180e-46
7.238079359786596001e+00 -6.114506930149582460e-46
7.239413137712571000e+00 1.266618480763622128e-46
7.240746915638546000e+00 4.251305794934395206e-45
7.242080693564520999e+00 -2.228335717867333444e-47
7.243414471490496886e+00 9.136546942863759883e-47
7.244748249416471886e+00 7.038261772079093545e-47
7.246082027342447773e+00 5.893433651958695549e-47
7.247415805268422773e+00 3.322379878893153080e-47
7.248749583194397772e+00 5.559885147071553067e-46
7.250083361120372771e+00 -1.684588828429383274e-46
7.251417139046348659e+00 -3.490657359630352020e-46
7.252750916972324546e+00 -8.282637633974038825e-46
7.254084694898299546e+00 4.733373078135584238e-46
7.255418472824274545e+00 2.439092296328782769e-46
7.256752250750249544e+00 5.179674977102187862e-46
7.258086028676225432e+00 -7.002627400414184917e-46
7.259419806602200431e+00 1.961711207645417395e-45
7.260753584528176319e+00 5.721595758938737762e-47
7.262087362454151318e+00 -1.500965893002550394e-46
7.263421140380126317e+00 2.316001750559752333e-46
7.264754918306101317e+00 -9.742118321113858290e-47
7.266088696232077204e+00 7.029583007374688093e-46
7.267422474158053092e+00 1.353203824584033866e-47
7.268756252084028091e+00 -2.103671123122573938e-46
7.270090030010003090e+00 2.462266609829828568e-45
7.271423807935978090e+00 5.502059250486083245e-46
7.272757585861953977e+00 2.533681776415132007e-45
7.274091363787928977e+00 -1.132875211866267252e-45
7.275425141713904864e+00 -7.620625760001767629e-47
7.276758919639879863e+00 6.323886651792926780e-46
7.278092697565854863e+00 -1.537037172909663105e-45
7.279426475491829862e+00 -2.704706003862275739e-46
7.280760253417805750e+00 -2.773839521302895927e-46
7.282094031343781637e+00 -9.217544951415432724e-46
7.283427809269756636e+00 -9.605174933046104093e-47
7.284761587195731636e+00 -3.599160633872601653e-46
7.286095365121706635e+00 -2.700660276367837055e-46
7.287429143047682523e+00 -1.004988836540698898e-46
7.288762920973658410e+00 3.843084100104111475e-46
7.290096698899633409e+00 1.370671431813292495e-46
7.291430476825608409e+00 -8.776576410598276032e-46
7.292764254751583408e+00 1.997403056779281633e-47
7.294098032677558407e+00 -1.007284133862675319e-46
7.295431810603534295e+00 2.812636732290687766e-46
7.296765588529510183e+00 -4.761552419931450723e-47
7.298099366455485182e+00 7.078342618753269180e-45
7.299433144381460181e+00 3.199445918404258494e-46
7.300766922307435181e+00 6.029470954235420047e-46
7.302100700233411068e+00 9.027260533436000540e-45
7.303434478159386956e+00 -1.000632819317403055e-45
7.304768256085361955e+00 -1.325319673246282974e-45
7.306102034011336954e+00 -5.921340447057943499e-47
7.307435811937311954e+00 -2.002629968622283696e-46
7.308769589863287841e+00 1.275563595977028491e-45
7.310103367789262840e+00 3.839252607799589135e-46
7.311437145715238728e+00 -4.889980734806654153e-46
7.312770923641213727e+00 7.857831967717819452e-45
7.314104701567188727e+00 3.044216007499706623e-48
7.315438479493163726e+00 -1.121803253195641789e-46
7.316772257419139613e+00 -4.161720512208483041e-45
7.318106035345115501e+00 1.009645116894246754e-45
7.319439813271090500e+00 1.139562163064254770e-46
7.320773591197065500e+00 3.910393012331303642e-47
7.322107369123040499e+00 -1.317774148626138980e-46
7.323441147049016386e+00 4.265192417050063523e-47
7.324774924974991386e+00 -1.795376813340273308e-47
7.326108702900967273e+00 -1.419715369294582321e-46
7.327442480826942273e+00 -1.102934965258848995e-46
7.328776258752917272e+00 -1.312552353652378401e-46
7.330110036678892271e+00 -2.696878177759869209e-47
7.331443814604868159e+00 -7.019241671902727136e-47
7.332777592530844046e+00 -3.897311129460373118e-47
7.334111370456819046e+00 -2.031164122945246521e-47
7.335445148382794045e+00 -1.777595228670132691e-46
7.336778926308769044e+00 3.880769366723481763e-45
7.338112704234744932e+00 -1.792252815730716155e-45
7.339446482160719931e+00 -5.917614967915969568e-47
7.340780260086695819e+00 6.504466011710859903e-46
7.342114038012670818e+00 3.394085183980286559e-46
7.343447815938645817e+00 -2.755297888254360969e-46
7.344781593864620817e+00 -1.046260972376465229e-47
7.346115371790596704e+00 7.053280343866752194e-47
7.347449149716572592e+00 1.748177206255887263e-46
7.348782927642547591e+00 2.463374239769392146e-45
7.350116705568522590e+00 8.011907786132451100e-46
7.351450483494497590e+00 1.599513586995462773e-46
7.352784261420473477e+00 3.552529733625777121e-47
7.354118039346448477e+00 7.060149104794500116e-46
7.355451817272424364e+00 -8.411078147803212725e-46
7.356785595198399363e+00 1.244618188831346874e-44
7.358119373124374363e+00 -1.946776829275909833e-46
7.359453151050349362e+00 3.296968594839425757e-46
7.360786928976325250e+00 4.047125254224433506e-46
7.362120706902301137e+00 -1.609211183465503884e-45
7.363454484828276136e+00 -1.323080730660771057e-46
7.364788262754251136e+00 -1.096983562760446522e-45
7.366122040680226135e+00 7.695045460067526135e-46
7.367455818606202023e+00 4.581482045473345550e-46
7.368789596532177910e+00 5.806138451909239439e-47
7.370123374458152909e+00 -1.360016051436150029e-46
7.371457152384127909e+00 1.275931387454160883e-45
7.372790930310102908e+00 1.523220011895413081e-45
7.374124708236077907e+00 -1.086140605058273926e-46
7.375458486162053795e+00 -4.970290518839340883e-46
7.376792264088029683e+00 7.431684786320429171e-46
7.378126042014004682e+00 5.390834134034211796e-46
7.379459819939979681e+00 3.694102557897737538e-46
7.380793597865954681e+00 -3.628222069795070467e-46
7.382127375791930568e+00 8.762853454264955575e-46
7.383461153717906456e+00 -1.200527112135306539e-45
7.384794931643881455e+00 -1.967876745977143167e-46
7.386128709569856454e+00 4.642267047212302661e-47
7.387462487495831454e+00 2.872127479032061593e-47
7.388796265421807341e+00 2.878873637058141306e-47
7.390130043347782340e+00 -3.457515136144254900e-47
7.391463821273758228e+00 7.920793359802274746e-47
7.392797599199733227e+00 1.131967573518626214e-45
7.394131377125708227e+00 -6.913736813713625444e-46
7.395465155051683226e+00 -4.747948267507659785e-46
7.396798932977659113e+00 6.292761986951962934e-46
7.398132710903635001e+00 -1.597451254384897607e-46
7.399466488829610000e+00 -6.313207592746030405e-47
7.400800266755585000e+00 1.148297800658923871e-45
7.402134044681559999e+00 2.780803001413617935e-46
7.403467822607535886e+00 -2.381536075406946004e-45
7.404801600533510886e+00 3.501622159751767575e-45
7.406135378459486773e+00 -1.773128037219759921e-46
7.407469156385461773e+00 5.758120806438894016e-46
7.408802934311436772e+00 1.188540281381908127e-47
7.410136712237411771e+00 -4.724840199434023627e-46
7.411470490163387659e+00 -7.014702651010931089e-46
7.412804268089363546e+00 -5.220262766784550629e-46
7.414138046015338546e+00 -5.148507892144309095e-46
7.415471823941313545e+00 9.286921970219517387e-46
7.416805601867288544e+00 3.712218847699241271e-46
7.418139379793264432e+00 4.236258011006133489e-46
7.419473157719239431e+00 -8.590515259916648285e-47
7.420806935645215319e+00 -1.652477171403830532e-46
7.422140713571190318e+00 1.458134483051740076e-45
7.423474491497165317e+00 -7.212820674265183174e-46
7.424808269423140317e+00 7.585033569996460962e-47
7.426142047349116204e+00 -2.727647386653952012e-46
7.427475825275092092e+00 -5.859193395217825920e-46
7.428809603201067091e+00 3.609780534820343668e-47
7.430143381127042090e+00 -1.647091283540649646e-46
7.431477159053017090e+00 -5.567646109597099359e-48
7.432810936978992977e+00 -1.538536866502478378e-46
7.434144714904967977e+00 -5.387550439953906883e-46
7.435478492830943864e+00 2.905714122552901874e-46
7.436812270756918863e+00 7.531839973485523621e-47
7.438146048682893863e+00 1.849647173656027786e-46
7.439479826608868862e+00 -2.259182325289751882e-46
7.440813604534844750e+00 -5.122059935116299068e-46
7.442147382460820637e+00 3.912343926883558629e-46
7.443481160386795636e+00 1.103898927540428583e-46
7.444814938312770636e+00 -5.519385920569153704e-46
7.446148716238745635e+00 5.211726927803852628e-46
7.447482494164721523e+00 1.332045707954309199e-45
7.448816272090697410e+00 -7.088667697904273713e-46
7.450150050016672409e+00 -3.399529436341639572e-46
7.451483827942647409e+00 1.575457460048544287e-46
7.452817605868622408e+00 8.769927146260756306e-47
7.454151383794597407e+00 4.333896305523492075e-46
7.455485161720573295e+00 5.026726256954113530e-47
7.456818939646549182e+00 -3.903021648138522973e-45
7.458152717572524182e+00 2.655338140836449148e-46
7.459486495498499181e+00 2.087857953334369168e-46
7.460820273424474181e+00 2.716001461719691172e-46
7.462154051350450068e+00 2.852812654374597820e-46
7.463487829276425956e+00 6.809184100508416231e-46
7.464821607202400955e+00 -2.038770575205021795e-46
7.466155385128375954e+00 3.730171165557377720e-47
7.467489163054350954e+00 1.376276848892096384e-46
7.468822940980326841e+00 3.794523005219955258e-46
7.470156718906301840e+00 -2.560138239947218893e-45
7.471490496832277728e+00 6.385542659790531054e-47
7.472824274758252727e+00 5.931864645916020295e-46
7.474158052684227727e+00 2.261368689213533860e-46
7.475491830610202726e+00 -4.215406150375506823e-45
7.476825608536178613e+00 -4.957925543822575727e-47
7.478159386462154501e+00 -1.769580072337566407e-45
7.479493164388129500e+00 -2.446705810699245672e-46
7.480826942314104500e+00 -2.078893229688187496e-46
7.482160720240079499e+00 1.236840489848778220e-46
7.483494498166055386e+00 5.169181896591831767e-47
7.484828276092030386e+00 -2.148542532598146282e-47
7.486162054018006273e+00 -1.841629445387121134e-46
7.487495831943981273e+00 -2.815125698705123316e-47
7.488829609869956272e+00 1.437919914560277985e-46
7.490163387795931271e+00 -1.846728103960320843e-46
7.491497165721907159e+00 6.580144597052953283e-47
7.492830943647883046e+00 1.121474060815402771e-46
7.494164721573858046e+00 2.018918744993401985e-46
7.495498499499833045e+00 6.332269420957044096e-46
7.496832277425808044e+00 -3.644839593306729870e-45
7.498166055351783932e+00 -2.962534132943408127e-46
7.499499833277758931e+00 -2.384451672963744381e-46
7.500833611203734819e+00 -2.000739571539540113e-46
7.502167389129709818e+00 -1.874232081218004315e-46
7.503501167055684817e+00 -2.097726194577215256e-46
7.504834944981659817e+00 3.088949102640082986e-47
7.506168722907635704e+00 1.849259063282248118e-46
7.507502500833611592e+00 -1.819763306430475082e-46
7.508836278759586591e+00 -6.964768349678041617e-46
7.510170056685561590e+00 1.275222688230363939e-46
7.511503834611536590e+00 6.011093992965102612e-48
7.512837612537512477e+00 -3.816806051579506403e-47
7.514171390463487477e+00 -8.919464365049336629e-47
7.515505168389463364e+00 5.736320179496743198e-47
7.516838946315438363e+00 1.071377029580718362e-46
7.518172724241413363e+00 1.169260054186928275e-47
7.519506502167388362e+00 -3.756294382111728001e-46
7.520840280093364250e+00 3.844510267820900646e-46
7.522174058019340137e+00 -2.444046542804612144e-46
7.523507835945315136e+00 -1.090012664123688638e-46
7.524841613871290136e+00 5.339034855128461407e-46
7.526175391797265135e+00 2.099941425457367753e-46
7.527509169723241023e+00 -1.129023320709834840e-45
7.528842947649216910e+00 -6.453686045260052554e-46
7.530176725575191909e+00 -2.171924493692913990e-48
7.531510503501166909e+00 1.637189360685744102e-46
7.532844281427141908e+00 1.990872188130567459e-46
7.534178059353116907e+00 7.632922621007319164e-46
7.535511837279092795e+00 -5.019879352530799914e-46
7.536845615205068682e+00 -3.634440310900148526e-46
7.538179393131043682e+00 -1.055324321506532061e-46
7.539513171057018681e+00 -1.334752961156795438e-46
7.540846948982993680e+00 -3.157346198239674814e-46
7.542180726908969568e+00 -1.991069031499668607e-46
7.543514504834945456e+00 -2.794618303086220159e-46
7.544848282760920455e+00 -3.907786186644345747e-46
7.546182060686895454e+00 -8.425096258331792597e-46
7.547515838612870454e+00 1.077429058714994771e-45
7.548849616538846341e+00 4.514670912008592745e-46
7.550183394464821340e+00 1.265149618967138514e-46
7.551517172390797228e+00 5.876729521929829192e-47
7.552850950316772227e+00 -1.592911706934916750e-46
7.554184728242747227e+00 -2.552327831341560678e-46
7.555518506168722226e+00 -5.538675581333043065e-46
7.556852284094698113e+00 -1.853619844355199351e-45
7.558186062020674001e+00 -2.789070539092573660e-45
7.559519839946649000e+00 1.386059714146390583e-45
7.560853617872624000e+00 7.007187352489089876e-46
7.562187395798598999e+00 4.197303376990220316e-46
7.563521173724574886e+00 2.139238716749429311e-45
7.564854951650549886e+00 6.304256794705679266e-46
7.566188729576525773e+00 7.070026171508434319e-46
7.567522507502500773e+00 8.269065529922947633e-46
7.568856285428475772e+00 2.457248118114359459e-46
7.570190063354450771e+00 5.595175641000298839e-46
7.571523841280426659e+00 -2.026535444641946648e-45
7.572857619206402546e+00 2.979528688894853898e-46
7.574191397132377546e+00 -2.986506833039198226e-45
7.575525175058352545e+00 -5.547782699534840143e-46
7.576858952984327544e+00 -1.293537142658801355e-45
7.578192730910303432e+00 9.365813219841421250e-46
7.579526508836278431e+00 5.098359385450899654e-46
7.580860286762254319e+00 4.563626025063889450e-46
7.582194064688229318e+00 5.869000945045749585e-46
7.583527842614204317e+00 1.641940196615473407e-44
7.584861620540179317e+00 2.371993490373148179e-47
7.586195398466155204e+00 8.393396297227004964e-45
7.587529176392131092e+00 8.834019888257101190e-46
7.588862954318106091e+00 2.319490714492766692e-45
7.590196732244081090e+00 -2.507935778927142023e-45
7.591530510170056090e+00 5.127690469331389423e-47
7.592864288096031977e+00 -4.310745926327643298e-46
7.594198066022006977e+00 -3.297918839026812748e-46
7.595531843947982864e+00 -2.998547146343014484e-46
7.596865621873957863e+00 -4.200355070631714338e-46
7.598199399799932863e+00 1.974482075155625660e-46
7.599533177725907862e+00 -3.012757223315217459e-47
7.600866955651883750e+00 -9.383036923373947877e-47
7.602200733577859637e+00 4.255354447326444858e-46
7.603534511503834636e+00 -2.453892665976547234e-46
7.604868289429809636e+00 3.609184087392762865e-46
7.606202067355784635e+00 1.056240046824573258e-46
7.607535845281760523e+00 9.292857950400732848e-47
7.608869623207736410e+00 1.793421151821826313e-46
7.610203401133711409e+00 -2.869916563943813532e-46
7.611537179059686409e+00 -8.057590576932727888e-47
7.612870956985661408e+00 -5.108555840736392076e-47
7.614204734911636407e+00 -5.240638267312253772e-47
7.615538512837612295e+00 -7.422862613466455006e-47
7.616872290763588182e+00 4.950958172473284935e-48
7.618206068689563182e+00 -7.156338526981134836e-47
7.619539846615538181e+00 -1.899029688624408100e-46
7.620873624541513180e+00 1.758876004751842330e-45
7.622207402467489068e+00 1.906925768736815185e-46
7.623541180393464956e+00 8.542567061557703996e-47
7.624874958319439955e+00 1.169123353302801119e-45
7.626208736245414954e+00 3.601966507134003078e-46
7.627542514171389954e+00 2.553638874834474107e-47
7.628876292097365841e+00 5.777791666150051268e-47
7.630210070023340840e+00 6.086330212839365331e-47
7.631543847949316728e+00 5.455862462896945968e-47
7.632877625875291727e+00 1.462022905138847214e-47
7.634211403801266727e+00 8.400761451413819708e-45
7.635545181727241726e+00 7.609027562830314916e-46
7.636878959653217613e+00 -1.958715628147566015e-46
7.638212737579193501e+00 -8.845708796362288584e-48
7.639546515505168500e+00 2.981636317610513186e-47
7.640880293431143500e+00 4.872166877924129481e-47
7.642214071357118499e+00 -2.863698293863254251e-47
7.643547849283094386e+00 1.174033882205356483e-46
7.644881627209069386e+00 1.098925186755851756e-46
7.646215405135045273e+00 1.294335114394771148e-46
7.647549183061020273e+00 1.685644011177757582e-46
7.648882960986995272e+00 1.752507117416734984e-46
7.650216738912970271e+00 4.313219195526144175e-46
7.651550516838946159e+00 1.454674275877878005e-47
7.652884294764922046e+00 1.090610769546592312e-44
7.654218072690897046e+00 -3.660286906195505000e-46
7.655551850616872045e+00 -1.600963818766346369e-46
7.656885628542847044e+00 -9.166940316401001971e-47
7.658219406468822932e+00 -4.992485982367483737e-47
7.659553184394797931e+00 -1.057535147114062013e-46
7.660886962320773819e+00 -6.511042044718152643e-48
7.662220740246748818e+00 5.259775830630498717e-47
7.663554518172723817e+00 -1.754200906762939906e-45
7.664888296098698817e+00 -9.047318697351992425e-47
7.666222074024674704e+00 -3.795773705630687567e-47
7.667555851950650592e+00 -5.453813512596034061e-47
7.668889629876625591e+00 -1.429567719985314031e-47
7.670223407802600590e+00 -6.684303785749980902e-47
7.671557185728575590e+00 -1.789279593907385991e-48
7.672890963654551477e+00 1.426531450297865252e-47
7.674224741580526477e+00 3.015695077396491294e-47
7.675558519506502364e+00 4.235444741163097464e-47
7.676892297432477363e+00 2.961740836831918362e-46
7.678226075358452363e+00 5.155526986044848967e-46
7.679559853284427362e+00 -3.544085673132408753e-46
7.680893631210403250e+00 -8.172789657470991118e-47
7.682227409136379137e+00 2.488522998276066018e-47
7.683561187062354136e+00 6.003304798305175782e-46
7.684894964988329136e+00 -1.537079407988223521e-46
7.686228742914304135e+00 -1.947903736516398326e-47
7.687562520840280023e+00 -1.093019007281779313e-45
7.688896298766255910e+00 -2.406528315402044897e-47
7.690230076692230909e+00 1.207216857361847058e-46
7.691563854618205909e+00 6.308633494645171599e-46
7.692897632544180908e+00 -1.477359178746585727e-45
7.694231410470155907e+00 -5.857516333206625937e-46
7.695565188396131795e+00 -5.021670186612336191e-46
7.696898966322107682e+00 -7.350466066892468051e-46
7.698232744248082682e+00 2.708414482459596533e-46
7.699566522174057681e+00 -1.123394287547746103e-46
7.700900300100032680e+00 -2.173531337943400057e-46
7.702234078026008568e+00 -3.578993898128291270e-46
7.703567855951984455e+00 -1.132894493465874620e-45
7.704901633877959455e+00 8.271945643790264896e-46
7.706235411803934454e+00 9.277174385870150059e-47
7.707569189729909453e+00 -6.139903070513847040e-47
7.708902967655885341e+00 -6.909322996678136107e-46
7.710236745581860340e+00 2.978271394288087855e-45
7.711570523507836228e+00 3.418641831332218904e-46
7.712904301433811227e+00 2.012300091831850656e-46
7.714238079359786227e+00 1.538452680914540927e-46
7.715571857285761226e+00 1.457634438312849310e-46
7.716905635211737113e+00 1.256583445628746372e-46
7.718239413137713001e+00 3.629093085771790454e-46
7.719573191063688000e+00 1.758619524521054991e-45
7.720906968989663000e+00 -6.894033013000546641e-46
7.722240746915637999e+00 4.133512736992304600e-46
7.723574524841613886e+00 5.626563932211354227e-47
7.724908302767588886e+00 2.118329833442450235e-47
7.726242080693564773e+00 1.126987943034063480e-47
7.727575858619539773e+00 7.525114264449198867e-48
7.728909636545514772e+00 6.359645656587939421e-48
7.730243414471489771e+00 7.133515523043227714e-48
7.731577192397465659e+00 1.063068737538388050e-47
7.732910970323441546e+00 2.052189954753698921e-47
7.734244748249416546e+00 5.895722894435275504e-47
7.735578526175391545e+00 -4.193009770908630311e-46
7.736912304101366544e+00 -7.478897069415764537e-47
7.738246082027342432e+00 -5.217997643631671832e-47
7.739579859953317431e+00 -4.602670499080173879e-47
7.740913637879293319e+00 -4.516568395279315499e-47
7.742247415805268318e+00 -4.832315017331150192e-47
7.743581193731243317e+00 -1.129317818317474118e-46
7.744914971657218317e+00 -4.708833958292458549e-47
7.746248749583194204e+00 -6.076792474388690459e-47
7.747582527509170092e+00 -8.933924111748459409e-47
7.748916305435145091e+00 -5.278536614035362958e-46
7.750250083361120090e+00 1.899739724385981219e-47
7.751583861287095090e+00 -2.609989621573891250e-47
7.752917639213070977e+00 -5.289598421709408020e-47
7.754251417139045977e+00 -9.071681055862992686e-47
7.755585195065021864e+00 -1.995679184241464989e-46
7.756918972990996863e+00 1.435165406157781909e-45
7.758252750916971863e+00 1.486438941046772799e-46
7.759586528842946862e+00 7.354977973345792099e-47
7.760920306768922750e+00 4.534209725147992793e-47
7.762254084694898637e+00 2.964635161281490194e-47
7.763587862620873636e+00 1.857525825883184036e-47
7.764921640546848636e+00 8.670301456358038384e-48
7.766255418472823635e+00 -5.754222880756184769e-47
7.767589196398799523e+00 1.330484359625215808e-46
7.768922974324775410e+00 2.937705941157495987e-47
7.770256752250750409e+00 1.883831779200166293e-47
7.771590530176725409e+00 5.515810492429782036e-48
7.772924308102700408e+00 5.269293776200108695e-48
7.774258086028675407e+00 2.663365467506290485e-48
7.775591863954651295e+00 1.319088109458101187e-49
7.776925641880627182e+00 -2.362588412607649999e-48
7.778259419806602182e+00 -5.026311517257763128e-48
7.779593197732577181e+00 -8.318419914057501612e-48
7.780926975658552180e+00 -1.383981999227332325e-47
7.782260753584528068e+00 -3.717215961175607594e-47
7.783594531510503955e+00 2.204850014358248692e-47
7.784928309436478955e+00 -8.117082709347530533e-48
7.786262087362453954e+00 -6.661848985541317984e-48
7.787595865288428953e+00 -9.250368736245272926e-48
7.788929643214404841e+00 -1.160128933874890738e-47
7.790263421140379840e+00 -1.353657109749751703e-47
7.791597199066355728e+00 -1.293531176817932550e-47
7.792930976992330727e+00 -4.351811816063018141e-47
7.794264754918305727e+00 -3.421641932267389726e-47
7.795598532844280726e+00 -4.147929047645453666e-47
7.796932310770256613e+00 -5.792807258486587654e-47
7.798266088696232501e+00 -1.077703140279075022e-46
7.799599866622207500e+00 3.156621764655684920e-45
7.800933644548182500e+00 7.781557232680281176e-47
7.802267422474157499e+00 3.157990059478030915e-47
7.803601200400133386e+00 1.474319348794804533e-47
7.804934978326108386e+00 5.158541387299128785e-48
7.806268756252084273e+00 -1.845667392818643517e-48
7.807602534178059273e+00 -8.082988624906920398e-48
7.808936312104034272e+00 -1.482819798223227480e-47
7.810270090030009271e+00 -2.398533889382942634e-47
7.811603867955985159e+00 -4.129976304757728275e-47
7.812937645881961046e+00 -1.112333708762261332e-46
7.814271423807936046e+00 1.365068640185726684e-46
7.815605201733911045e+00 3.446132081141943841e-47
7.816938979659886044e+00 1.482336915665584526e-47
7.818272757585861932e+00 5.325310267495749126e-48
7.819606535511836931e+00 -1.113259011819911040e-48
7.820940313437812819e+00 -6.488709280324384646e-48
7.822274091363787818e+00 -1.177326484395366654e-47
7.823607869289762817e+00 -1.786978561933460807e-47
7.824941647215737817e+00 -2.674629279845746009e-47
7.826275425141713704e+00 -7.023678114899845732e-47
7.827609203067689592e+00 -3.544368307012085099e-47
7.828942980993664591e+00 -7.204244597470459333e-47
7.830276758919639590e+00 -2.468688319269616459e-46
7.831610536845614590e+00 1.907570645462238962e-46
7.832944314771590477e+00 6.657049366815843780e-47
7.834278092697565476e+00 3.818896229799064760e-47
7.835611870623541364e+00 2.491152877289385619e-47
7.836945648549516363e+00 1.662853551691667659e-47
7.838279426475491363e+00 1.010881540631843502e-47
7.839613204401466362e+00 1.311215945970912626e-48
7.840946982327442250e+00 1.992948285645780177e-47
7.842280760253418137e+00 6.643828937035679083e-48
7.843614538179393136e+00 2.717079204911005751e-48
7.844948316105368136e+00 5.234150959844665040e-49
7.846282094031343135e+00 1.637412281526359080e-48
7.847615871957319023e+00 4.985180386538003333e-47
7.848949649883294910e+00 -4.869173897234033077e-47
7.850283427809269909e+00 -5.055347368892294280e-47
7.851617205735244909e+00 -8.057332031154997687e-47
7.852950983661219908e+00 -2.654623892266622976e-46
7.854284761587194907e+00 1.958581832882267443e-46
7.855618539513170795e+00 7.105505794373632115e-47
7.856952317439146682e+00 4.302743132965010991e-47
7.858286095365121682e+00 3.049706014672385499e-47
7.859619873291096681e+00 2.328511601400507823e-47
7.860953651217071680e+00 1.852505487318025364e-47
7.862287429143047568e+00 1.509700121256202877e-47
7.863621207069023455e+00 1.247284607653582723e-47
7.864954984994998455e+00 1.037012964781833278e-47
7.866288762920973454e+00 8.622952785706907929e-48
7.867622540846948453e+00 7.125978833826353568e-48
7.868956318772924341e+00 5.807034582565243789e-48
7.870290096698899340e+00 4.611930631463489174e-48
7.871623874624875228e+00 3.494292536933966160e-48
7.872957652550850227e+00 2.405940683038338019e-48
7.874291430476825226e+00 1.282245648579210650e-48
7.875625208402800226e+00 8.243088763458486214e-51
7.876958986328776113e+00 -1.690441388013401905e-48
7.878292764254752001e+00 -4.768372393771624162e-48
7.879626542180727000e+00 -1.661649028748995614e-47
7.880960320106702000e+00 3.149986793770161287e-47
7.882294098032676999e+00 1.398368650207071010e-47
7.883627875958652886e+00 -7.351482759009509883e-48
7.884961653884627886e+00 -7.622117685499826450e-49
7.886295431810603773e+00 -6.768503104946464853e-49
7.887629209736578773e+00 -1.035754199404504592e-48
7.888962987662553772e+00 -1.457822236433866460e-48
7.890296765588528771e+00 -1.875507846307375524e-48
7.891630543514504659e+00 -2.273955953763965242e-48
7.892964321440480546e+00 -2.650731514890345285e-48
7.894298099366455546e+00 -3.006688648700170351e-48
7.895631877292430545e+00 -3.343460733181123734e-48
7.896965655218405544e+00 -3.662703792383407791e-48
7.898299433144381432e+00 -3.965865825271846959e-48
7.899633211070356431e+00 -4.254118548285903300e-48
7.900966988996332319e+00 -4.528329841781094559e-48
7.902300766922307318e+00 -4.789025617815679520e-48
7.903634544848282317e+00 -5.036303713446224031e-48
7.904968322774257317e+00 -5.269642520499904627e-48
7.906302100700233204e+00 -5.487474726348476446e-48
7.907635878626209092e+00 -5.686172756867147925e-48
7.908969656552184091e+00 -5.857302391967735572e-48
7.910303434478159090e+00 -5.978450884734496334e-48
7.911637212404134090e+00 -5.969140407152168121e-48
7.912970990330109977e+00 -5.189106807645902824e-48
7.914304768256084976e+00 -9.072418666284385323e-48
7.915638546182060864e+00 -7.766927170228085892e-48
7.916972324108035863e+00 -7.692956189401337519e-48
7.918306102034010863e+00 -7.766074483860715283e-48
7.919639879959985862e+00 -7.883028640198725120e-48
7.920973657885961750e+00 -8.016890901227734615e-48
7.922307435811937637e+00 -8.157619511224360179e-48
7.923641213737912636e+00 -8.300672889418515122e-48
7.924974991663887636e+00 -8.443736453543184465e-48
7.926308769589862635e+00 -8.585534804293804423e-48
7.927642547515838523e+00 -8.725328215967285138e-48
7.928976325441814410e+00 -8.862674377280272364e-48
7.930310103367789409e+00 -8.997305355434536883e-48
7.931643881293764409e+00 -9.129060057003064714e-48
7.932977659219739408e+00 -9.257844951009632643e-48
7.934311437145714407e+00 -9.383610352714191637e-48
7.935645215071690295e+00 -9.506335513794114393e-48
7.936978992997666182e+00 -9.626018960463465036e-48
7.938312770923641182e+00 -9.742672145789557263e-48
7.939646548849616181e+00 -9.856315111347372606e-48
7.940980326775591180e+00 -9.966973633365282650e-48
7.942314104701567068e+00 -1.007467703833704598e-47
7.943647882627542955e+00 -1.017945682144161389e-47
7.944981660553517955e+00 -1.028134567583983278e-47
7.946315438479492954e+00 -1.038037664958113653e-47
7.947649216405467953e+00 -1.047658267947077727e-47
7.948982994331443841e+00 -1.056999630892661899e-47
7.950316772257418840e+00 -1.066064930005503050e-47
7.951650550183394728e+00 -1.074857256018507128e-47
7.952984328109369727e+00 -1.083379592953325579e-47
7.954318106035344726e+00 -1.091634816342428459e-47
7.955651883961319726e+00 -1.099625698462163531e-47
7.956985661887295613e+00 -1.107354877452523592e-47
7.958319439813271501e+00 -1.114824891133298702e-47
7.959653217739246500e+00 -1.122038145965020119e-47
7.960986995665221500e+00 -1.128996950230773355e-47
7.962320773591196499e+00 -1.135703492586168740e-47
7.963654551517172386e+00 -1.142159852032862012e-47
7.964988329443147386e+00 -1.148368003022896799e-47
7.966322107369123273e+00 -1.154329817303370669e-47
7.967655885295098273e+00 -1.160047065342729083e-47
7.968989663221073272e+00 -1.165521420570192610e-47
7.970323441147048271e+00 -1.170754469280296858e-47
7.971657219073024159e+00 -1.175747709194446146e-47
7.972990996999000046e+00 -1.180502518813675129e-47
7.974324774924975046e+00 -1.185020240631896554e-47
7.975658552850950045e+00 -1.189302109978204683e-47
7.976992330776925044e+00 -1.193349289038083289e-47
7.978326108702900932e+00 -1.197162855722376257e-47
7.979659886628875931e+00 -1.200743824409552108e-47
7.980993664554851819e+00 -1.204093133364226356e-47
7.982327442480826818e+00 -1.207211652457448359e-47
7.983661220406801817e+00 -1.210100186919526901e-47
7.984994998332776817e+00 -1.212759469022272620e-47
7.986328776258752704e+00 -1.215190180031502381e-47
7.987662554184728592e+00 -1.217392902108223359e-47
7.988996332110703591e+00 -1.219368229965855972e-47
7.990330110036678590e+00 -1.221116623257539579e-47
7.991663887962653590e+00 -1.222638517143392828e-47
7.992997665888629477e+00 -1.223934290667590604e-47
7.994331443814604476e+00 -1.225004255628628096e-47
7.995665221740580364e+00 -1.225848660006610971e-47
7.996998999666555363e+00 -1.226467774250838213e-47
7.998332777592530363e+00 -1.226861638459694541e-47
7.999666555518505362e+00 -1.227030401343628501e-47
8.001000333444480361e+00 -1.226974202916310777e-47
8.002334111370457137e+00 -1.226692830435503954e-47
8.003667889296432136e+00 -1.226186366312856787e-47
8.005001667222407136e+00 -1.225454646204107573e-47
8.006335445148382135e+00 -1.224497484784854357e-47
8.007669223074358911e+00 -1.223314631292427803e-47
8.009003001000333910e+00 -1.221905845746578300e-47
8.010336778926308909e+00 -1.220270763187144706e-47
8.011670556852283909e+00 -1.218408965720512239e-47
8.013004334778258908e+00 -1.216320004361461677e-47
8.014338112704233907e+00 -1.214003353799727695e-47
8.015671890630208907e+00 -1.211458440843460410e-47
8.017005668556185682e+00 -1.208684618727710274e-47
8.018339446482160682e+00 -1.205681191966831069e-47
8.019673224408135681e+00 -1.202447380798760946e-47
8.021007002334110680e+00 -1.198982353884650605e-47
8.022340780260087456e+00 -1.195285206649214992e-47
8.023674558186062455e+00 -1.191354965107542262e-47
8.025008336112037455e+00 -1.187190582456673690e-47
8.026342114038012454e+00 -1.182790936149548691e-47
8.027675891963987453e+00 -1.178154825477737253e-47
8.029009669889962453e+00 -1.173280970732187807e-47
8.030343447815937452e+00 -1.168168013856450095e-47
8.031677225741914228e+00 -1.162814504333109881e-47
8.033011003667889227e+00 -1.157218905396508784e-47
8.034344781593864226e+00 -1.151379590879195796e-47
8.035678559519839226e+00 -1.145294837035107146e-47
8.037012337445816001e+00 -1.138962819815883780e-47
8.038346115371791001e+00 -1.132381621530485364e-47
8.039679893297766000e+00 -1.125549215523742844e-47
8.041013671223740999e+00 -1.118463466454058065e-47
8.042347449149715999e+00 -1.111122126166956133e-47
8.043681227075690998e+00 -1.103522837554883415e-47
8.045015005001665997e+00 -1.095663134438284744e-47
8.046348782927642773e+00 -1.087540419533600627e-47
8.047682560853617773e+00 -1.079151990425611480e-47
8.049016338779592772e+00 -1.070495025647679279e-47
8.050350116705567771e+00 -1.061566592691722212e-47
8.051683894631544547e+00 -1.052363653685817071e-47
8.053017672557519546e+00 -1.042883072904568721e-47
8.054351450483494546e+00 -1.033121632516955764e-47
8.055685228409469545e+00 -1.023076057681338399e-47
8.057019006335444544e+00 -1.012743036149134297e-47
8.058352784261419544e+00 -1.002119278727531371e-47
8.059686562187394543e+00 -9.912015655458928444e-48
8.061020340113371319e+00 -9.799868396630011313e-48
8.062354118039346318e+00 -9.684723232587071092e-48
8.063687895965321317e+00 -9.566556979001130834e-48
8.065021673891296317e+00 -9.445353420687462375e-48
8.066355451817273092e+00 -9.321106932270678685e-48
8.067689229743248092e+00 -9.193827648141038244e-48
8.069023007669223091e+00 -9.063549336615295189e-48
8.070356785595198090e+00 -8.930341279743915302e-48
8.071690563521173090e+00 -8.794327064801767675e-48
8.073024341447148089e+00 -8.655714929926792093e-48
8.074358119373123088e+00 -8.514848980071530157e-48
8.075691897299099864e+00 -8.372299699211614368e-48
8.077025675225074863e+00 -8.229033501936842535e-48
8.078359453151049863e+00 -8.086755116175573979e-48
8.079693231077024862e+00 -7.948668421832507679e-48
8.081027009003001638e+00 -7.821403352899324718e-48
8.082360786928976637e+00 -7.720902346291605873e-48
8.083694564854951636e+00 -7.696689675865110820e-48
8.085028342780926636e+00 -8.014110385702266592e-48
8.086362120706901635e+00 4.658041389773313135e-48
8.087695898632876634e+00 -5.808328177507546030e-48
8.089029676558853410e+00 -6.001217482221417321e-48
8.090363454484828409e+00 -5.926689031108038234e-48
8.091697232410803409e+00 -5.776056938359124588e-48
8.093031010336778408e+00 -5.589575494320074726e-48
8.094364788262753407e+00 -5.380656505600595319e-48
8.095698566188730183e+00 -5.154781368454983913e-48
8.097032344114705182e+00 -4.914356603803495249e-48
8.098366122040680182e+00 -4.660349482826657154e-48
8.099699899966655181e+00 -4.392937818327508181e-48
8.101033677892630180e+00 -4.111794172838864929e-48
8.102367455818605180e+00 -3.816214870076100145e-48
8.103701233744581955e+00 -3.505176839929556038e-48
8.105035011670556955e+00 -3.177365894748312068e-48
8.106368789596531954e+00 -2.831215649436332996e-48
8.107702567522506953e+00 -2.465033279549782138e-48
8.109036345448483729e+00 -2.077418583119988345e-48
8.110370123374458728e+00 -1.668633166050094047e-48
8.111703901300433728e+00 -1.245307773907223594e-48
8.113037679226408727e+00 -8.390064732014625781e-49
8.114371457152383726e+00 -6.019461484854252428e-49
8.115705235078358726e+00 -1.704320123795468516e-48
8.117039013004333725e+00 3.191881666321143785e-47
8.118372790930310501e+00 1.613488658914286370e-47
8.119706568856285500e+00 -1.053398319956270249e-46
8.121040346782260499e+00 -8.082343520942262833e-48
8.122374124708235499e+00 -2.925828375025534036e-48
8.123707902634212275e+00 -7.573225745526903231e-49
8.125041680560187274e+00 6.750777526530641792e-49
8.126375458486162273e+00 1.853862229271121521e-48
8.127709236412137273e+00 2.949865084860030875e-48
8.129043014338112272e+00 4.046269037962329348e-48
8.130376792264087271e+00 5.196978948919153288e-48
8.131710570190062271e+00 6.447929466319769114e-48
8.133044348116039046e+00 7.848263674723904327e-48
8.134378126042014046e+00 9.459695994851882072e-48
8.135711903967989045e+00 1.136855103293842578e-47
8.137045681893964044e+00 1.370580031738041679e-47
8.138379459819940820e+00 1.668567581337366063e-47
8.139713237745915819e+00 2.068932002307284610e-47
8.141047015671890819e+00 2.647155732823523493e-47
8.142380793597865818e+00 3.577217748254963262e-47
8.143714571523840817e+00 5.369965074506542598e-47
8.145048349449815817e+00 1.044501155668349959e-46
8.146382127375790816e+00 1.519100916364290542e-45
8.147715905301767592e+00 -1.227575552014355069e-46
8.149049683227742591e+00 -6.095817362834614764e-47
8.150383461153717590e+00 -4.594124517635954895e-47
8.151717239079692590e+00 -8.807638493877879731e-47
8.153051017005669365e+00 7.812937383775784527e-48
8.154384794931644365e+00 3.171326449610178462e-49
8.155718572857619364e+00 1.411571564462282546e-48
8.157052350783594363e+00 4.404289634555737397e-48
8.158386128709569363e+00 1.016367819215004772e-47
8.159719906635544362e+00 -2.694059259847180288e-47
8.161053684561519361e+00 6.618291168143341026e-48
8.162387462487496137e+00 1.329324984576685547e-47
8.163721240413471136e+00 2.040026849282761998e-47
8.165055018339446136e+00 3.059631566160557679e-47
8.166388796265421135e+00 4.910921394693635464e-47
8.167722574191397911e+00 9.980372669385514923e-47
8.169056352117372910e+00 1.702922009730633560e-45
8.170390130043347909e+00 -1.135980680593194505e-46
8.171723907969322909e+00 -5.061039752419157507e-47
8.173057685895297908e+00 -1.484447217879172719e-47
8.174391463821272907e+00 -3.499070643222503678e-47
8.175725241747247907e+00 -2.170791839836501981e-47
8.177059019673224682e+00 -1.464681189623104491e-47
8.178392797599199682e+00 -9.091926316579646113e-48
8.179726575525174681e+00 -3.863853698808014207e-48
8.181060353451149680e+00 1.890394142095164055e-48
8.182394131377126456e+00 9.471786190776488409e-48
8.183727909303101455e+00 2.236844618117665409e-47
8.185061687229076455e+00 5.850805653622340149e-47
8.186395465155051454e+00 -8.497855734406673243e-46
8.187729243081026453e+00 -6.045202716596836967e-47
8.189063021007001453e+00 -3.084856962904706258e-47
8.190396798932976452e+00 -1.891334355188954227e-47
8.191730576858953228e+00 -1.130449912788182851e-47
8.193064354784928227e+00 -4.980792551896652291e-48
8.194398132710903226e+00 1.474167791188186237e-48
8.195731910636878226e+00 9.454162229088852027e-48
8.197065688562855001e+00 2.168724928000964539e-47
8.198399466488830001e+00 4.738705700171105814e-47
8.199733244414805000e+00 1.644253873266455403e-46
8.201067022340779999e+00 -2.109812701096770413e-46
8.202400800266754999e+00 -7.447814215118905850e-47
8.203734578192729998e+00 -4.801565849194023251e-47
8.205068356118704997e+00 -3.702082886838550523e-47
8.206402134044681773e+00 -3.366864463280634714e-47
8.207735911970656772e+00 2.487387476908870459e-49
8.209069689896631772e+00 -1.398617576339366153e-47
8.210403467822606771e+00 -1.265430375813730984e-47
8.211737245748583547e+00 -1.045905699797736002e-47
8.213071023674558546e+00 -7.977820938242403003e-48
8.214404801600533546e+00 -5.531891379089932879e-48
8.215738579526508545e+00 1.343445486662342432e-47
8.217072357452483544e+00 3.240468071090715014e-46
8.218406135378458544e+00 -1.974992458907526738e-47
8.219739913304433543e+00 -1.057460478113532873e-47
8.221073691230410319e+00 -6.543502535709028394e-48
8.222407469156385318e+00 -3.654210944896841975e-48
8.223741247082360317e+00 -1.110166838436948311e-48
8.225075025008335317e+00 1.384912759270650962e-48
8.226408802934312092e+00 3.969737512611958889e-48
8.227742580860287092e+00 6.359766432852296619e-48
8.229076358786262091e+00 2.324364711160088030e-47
8.230410136712237090e+00 2.234452896570482988e-47
8.231743914638212090e+00 4.546550885205326347e-47
8.233077692564187089e+00 -8.417898413108101631e-47
8.234411470490162088e+00 4.387892984039133391e-48
8.235745248416138864e+00 1.364016990019617127e-47
8.237079026342113863e+00 2.378703459006836209e-47
8.238412804268088863e+00 3.660995023993613819e-47
8.239746582194063862e+00 5.695264413171750735e-47
8.241080360120040638e+00 9.979933467815571337e-47
8.242414138046015637e+00 2.746427520070128233e-46
8.243747915971990636e+00 -4.617875465490784137e-46
8.245081693897965636e+00 -1.262297915378421819e-46
8.246415471823940635e+00 -6.881060116445714051e-47
8.247749249749915634e+00 -3.948176759673879025e-47
8.249083027675892410e+00 -9.475024061706751640e-48
8.250416805601867409e+00 1.106756548277476055e-46
8.251750583527842409e+00 -1.337492741860262651e-46
8.253084361453817408e+00 -7.119727156014306814e-47
8.254418139379792407e+00 -5.346281815692727479e-47
8.255751917305769183e+00 -3.747088844107967805e-47
8.257085695231744182e+00 -5.359224652612435555e-47
8.258419473157719182e+00 -4.612294960898199318e-47
8.259753251083694181e+00 -4.512258832546277779e-47
8.261087029009669180e+00 -4.815880374752720983e-47
8.262420806935644180e+00 -5.963141934696797792e-47
8.263754584861620955e+00 -1.150268522326424016e-46
8.265088362787595955e+00 1.668233045995403698e-46
8.266422140713570954e+00 3.219462747487210947e-47
8.267755918639545953e+00 1.428488103107890810e-47
8.269089696565522729e+00 8.424004018564304110e-48
8.270423474491497728e+00 6.489933764391826027e-48
8.271757252417472728e+00 6.695667839928397739e-48
8.273091030343447727e+00 8.964083888406054467e-48
8.274424808269422726e+00 1.496963995639848307e-47
8.275758586195397726e+00 3.253410100468411294e-47
8.277092364121372725e+00 1.190658108369824892e-46
8.278426142047349501e+00 -1.573536148527981729e-45
8.279759919973324500e+00 -1.244785061945934783e-45
8.281093697899299499e+00 4.931935478736197729e-46
8.282427475825274499e+00 4.279535953304352468e-47
8.283761253751251274e+00 1.269642881135826302e-46
8.285095031677226274e+00 1.432180239903613232e-46
8.286428809603201273e+00 1.720960490886861453e-46
8.287762587529176272e+00 2.497440808718122002e-46
8.289096365455151272e+00 5.812098384502554156e-46
8.290430143381126271e+00 -6.992937748347989280e-46
8.291763921307101270e+00 -1.563533379517351353e-46
8.293097699233078046e+00 1.160108520838393603e-47
8.294431477159053046e+00 2.215459771252355818e-46
8.295765255085028045e+00 2.440723623378515156e-45
8.297099033011003044e+00 -5.258872878904469334e-46
8.298432810936979820e+00 -2.737350638106856240e-46
8.299766588862954819e+00 -1.687079473206695592e-46
8.301100366788929819e+00 -1.733066565461244449e-47
8.302434144714904818e+00 -4.941215654776405428e-45
8.303767922640879817e+00 -5.449372849244929678e-46
8.305101700566854817e+00 -5.160737274576305464e-46
8.306435478492829816e+00 -7.706847498010759613e-46
8.307769256418806592e+00 4.360095127106548086e-45
8.309103034344781591e+00 2.630049244048654465e-46
8.310436812270756590e+00 3.943182624104536172e-47
8.311770590196731590e+00 -1.070110162987131241e-46
8.313104368122708365e+00 7.726177131431024547e-47
8.314438146048683365e+00 -7.726321830465103929e-47
8.315771923974658364e+00 -4.012597739114270081e-46
8.317105701900633363e+00 1.164207403385951017e-46
8.318439479826608363e+00 -2.901491685451238370e-47
8.319773257752583362e+00 -1.598847514093190347e-46
8.321107035678558361e+00 -4.285042556435045512e-45
8.322440813604535137e+00 2.750378310018126865e-46
8.323774591530510136e+00 5.411136980186383104e-48
8.325108369456485136e+00 3.809207148835922943e-47
8.326442147382460135e+00 2.206748862711739140e-47
8.327775925308436911e+00 6.538112144018173555e-48
8.329109703234411910e+00 -1.313386910149620806e-47
8.330443481160386909e+00 4.106996763413972013e-48
8.331777259086361909e+00 -2.762635263365304227e-47
8.333111037012336908e+00 -3.432148274694380708e-48
8.334444814938311907e+00 -5.921113020897152776e-47
8.335778592864286907e+00 -1.674114327740404381e-46
8.337112370790263682e+00 1.537913457876442323e-46
8.338446148716238682e+00 1.621614555035221338e-47
8.339779926642213681e+00 -2.754901359405278777e-47
8.341113704568188680e+00 -2.579666115984499007e-47
8.342447482494165456e+00 -6.955641263948991421e-47
8.343781260420140455e+00 -1.199360677718048777e-46
8.345115038346115455e+00 -2.255589931066767775e-46
8.346448816272090454e+00 -5.040793624405032426e-46
8.347782594198065453e+00 4.354477010956343255e-46
8.349116372124040453e+00 5.198421259109520121e-45
8.350450150050015452e+00 2.672430176058755114e-46
8.351783927975992228e+00 2.215534366870653847e-46
8.353117705901967227e+00 1.451874905520965293e-46
8.354451483827942226e+00 1.179627649206615957e-46
8.355785261753917226e+00 1.062661301753652384e-46
8.357119039679894001e+00 -1.637125728297588449e-46
8.358452817605869001e+00 5.791650180495377727e-47
8.359786595531844000e+00 4.038656357991222005e-47
8.361120373457818999e+00 1.487266562409757334e-47
8.362454151383793999e+00 -5.147833557689234863e-47
8.363787929309768998e+00 -1.314513598940746256e-45
8.365121707235743997e+00 5.543095915908919175e-46
8.366455485161720773e+00 -9.872908589157807667e-47
8.367789263087695772e+00 4.362998097843808918e-47
8.369123041013670772e+00 5.918591412316431693e-47
8.370456818939645771e+00 6.052872542637254554e-47
8.371790596865622547e+00 4.999435209205966607e-47
8.373124374791597546e+00 -1.363312291913118400e-46
8.374458152717572545e+00 2.745206178683253606e-46
8.375791930643547545e+00 3.112870141977028449e-48
8.377125708569522544e+00 1.303948505349536374e-46
8.378459486495497544e+00 3.352422447707494774e-46
8.379793264421472543e+00 -4.671864236279333707e-46
8.381127042347449319e+00 -1.109661527084328635e-46
8.382460820273424318e+00 -4.277439949796640304e-47
8.383794598199399317e+00 -1.782965535591328865e-46
8.385128376125374317e+00 -5.826856406369418833e-47
8.386462154051351092e+00 -5.093922093958971786e-47
8.387795931977326092e+00 -6.467265553738634361e-47
8.389129709903301091e+00 -1.217374349670906638e-46
8.390463487829276090e+00 7.782678212189769107e-46
8.391797265755251090e+00 1.126262735177476196e-46
8.393131043681226089e+00 9.124714706441379064e-47
8.394464821607201088e+00 1.523027659038013733e-46
8.395798599533177864e+00 -8.266907127062772711e-46
8.397132377459152863e+00 -6.207315551278021541e-46
8.398466155385127863e+00 -2.167217245693696955e-46
8.399799933311102862e+00 -5.957649362805139790e-47
8.401133711237079638e+00 2.144599260690052868e-47
8.402467489163054637e+00 -2.138379959681986274e-45
8.403801267089029636e+00 -3.200395908127830616e-46
8.405135045015004636e+00 -3.066999174773717296e-46
8.406468822940979635e+00 3.101581530234026129e-48
8.407802600866954634e+00 -5.150656901744252904e-46
8.409136378792931410e+00 -1.267918978343578294e-45
8.410470156718906409e+00 4.895613217638082744e-44
8.411803934644881409e+00 1.228102307472646839e-45
8.413137712570856408e+00 8.062813844372665883e-46
8.414471490496833184e+00 1.745888401978019497e-47
8.415805268422808183e+00 -2.185400816194346968e-46
8.417139046348783182e+00 1.039736666508992250e-45
8.418472824274758182e+00 4.897064006168313135e-46
8.419806602200733181e+00 4.588156398593621423e-46
8.421140380126708180e+00 5.855354590484830852e-46
8.422474158052683180e+00 4.779607208410530488e-45
8.423807935978659955e+00 -6.360775281725898828e-46
8.425141713904634955e+00 -7.530880732862803592e-46
8.426475491830609954e+00 9.878336266879508560e-46
8.427809269756584953e+00 -5.564438860712114951e-47
8.429143047682561729e+00 1.002540783147778245e-45
8.430476825608536728e+00 4.018150393768909128e-46
8.431810603534511728e+00 -7.394139622805843373e-46
8.433144381460486727e+00 5.996030693335894634e-46
8.434478159386461726e+00 5.971202149682604975e-46
8.435811937312436726e+00 7.557695956346886540e-46
8.437145715238411725e+00 1.578310359787520355e-46
8.438479493164388501e+00 5.547379192827963493e-46
8.439813271090363500e+00 9.233748876065533199e-46
8.441147049016338499e+00 3.325389225987706797e-45
8.442480826942313499e+00 1.400375955975598114e-45
8.443814604868290274e+00 -8.481825030274454252e-46
8.445148382794265274e+00 1.445802915343207286e-45
8.446482160720240273e+00 -1.972762270221403294e-46
8.447815938646215272e+00 -2.719022266541522181e-46
8.449149716572190272e+00 7.060727606524591855e-47
8.450483494498165271e+00 2.225005067676412280e-46
8.451817272424140270e+00 -1.895754383026168525e-46
8.453151050350117046e+00 -3.230347517130229450e-45
8.454484828276092045e+00 -5.208025655870863961e-46
8.455818606202067045e+00 -3.208769087101948817e-46
8.457152384128042044e+00 -2.615093476491571706e-46
8.458486162054018820e+00 -2.186900791697586731e-46
8.459819939979993819e+00 -9.711674171151359246e-47
8.461153717905968819e+00 -1.373637679943461279e-46
8.462487495831943818e+00 -2.927870798727899997e-46
8.463821273757918817e+00 -3.022110893054766035e-46
8.465155051683893817e+00 -2.221071905412802571e-45
8.466488829609868816e+00 3.132372797655456952e-46
8.467822607535845592e+00 1.552493869703418384e-46
8.469156385461820591e+00 -8.412946803186079207e-47
8.470490163387795590e+00 -1.846597459688722660e-46
8.471823941313770590e+00 1.992518990443714694e-46
8.473157719239747365e+00 1.756900805504541453e-46
8.474491497165722365e+00 2.861107073637294874e-46
8.475825275091697364e+00 -2.466039528067693345e-45
8.477159053017672363e+00 2.418887346222413351e-45
8.478492830943647363e+00 -6.446316703328699032e-47
8.479826608869622362e+00 -3.905027170798298019e-46
8.481160386795597361e+00 1.149233568507326616e-46
8.482494164721574137e+00 2.303206418155711848e-47
8.483827942647549136e+00 -1.944133304380683083e-46
8.485161720573524136e+00 -1.888512106252120760e-46
8.486495498499499135e+00 -5.875086381034249762e-47
8.487829276425475911e+00 -1.841190549585234890e-47
8.489163054351450910e+00 4.439407232222155416e-47
8.490496832277425909e+00 5.209130572340852232e-46
8.491830610203400909e+00 -2.699139732414784488e-46
8.493164388129375908e+00 -1.345899290829967149e-46
8.494498166055350907e+00 -1.070317349174131276e-46
8.495831943981325907e+00 1.248470942284675019e-44
8.497165721907302682e+00 -1.914899967504866217e-46
8.498499499833277682e+00 -1.908077122134192534e-46
8.499833277759252681e+00 -2.155064896020170410e-46
8.501167055685227680e+00 -2.699975909656356512e-46
8.502500833611204456e+00 1.318910242790867641e-46
8.503834611537179455e+00 2.091699216623135872e-45
8.505168389463154455e+00 3.393953061881603826e-46
8.506502167389129454e+00 1.636100005700754211e-46
8.507835945315104453e+00 7.640408661107964451e-47
8.509169723241079453e+00 -1.632968831673461567e-47
8.510503501167054452e+00 3.510687214111500400e-46
8.511837279093031228e+00 1.127706532155727459e-46
8.513171057019006227e+00 9.254002041275809503e-47
8.514504834944981226e+00 -1.410893734836523778e-46
8.515838612870956226e+00 1.276023097243358579e-44
8.517172390796933001e+00 4.745520186861702044e-47
8.518506168722908001e+00 -1.134691930339725702e-45
8.519839946648883000e+00 -2.025545132417142996e-46
8.521173724574857999e+00 -3.735946514170838146e-46
8.522507502500832999e+00 3.042856256394275270e-46
8.523841280426807998e+00 -3.289990771052839598e-46
8.525175058352782997e+00 5.514384655438257829e-46
8.526508836278759773e+00 3.041397852213210877e-47
8.527842614204734772e+00 1.706007204306882474e-46
8.529176392130709772e+00 -2.377322006743099094e-46
8.530510170056684771e+00 3.035951046809078500e-47
8.531843947982661547e+00 1.991490007545674209e-46
8.533177725908636546e+00 9.101241509969107327e-47
8.534511503834611545e+00 -1.981243381498673063e-46
8.535845281760586545e+00 -2.687687250396690240e-45
8.537179059686561544e+00 3.913057414932561135e-46
8.538512837612536543e+00 3.140281949740159452e-46
8.539846615538511543e+00 2.688143665017143658e-46
8.541180393464488319e+00 2.379992460144442396e-46
8.542514171390463318e+00 3.585346579365441828e-46
8.543847949316438317e+00 -2.568233627819283299e-47
8.545181727242413317e+00 -1.428377041401441627e-47
8.546515505168390092e+00 -1.555222937018587932e-46
8.547849283094365092e+00 1.252580910489508953e-46
8.549183061020340091e+00 2.522972488336428225e-46
8.550516838946315090e+00 -1.152417729884095497e-46
8.551850616872290090e+00 -2.552995646664781016e-46
8.553184394798265089e+00 5.117692529991194329e-46
8.554518172724241865e+00 1.000171118294668930e-45
8.555851950650216864e+00 -1.836779366714132636e-47
8.557185728576191863e+00 2.105545188835412264e-46
8.558519506502166863e+00 1.998462173125905675e-45
8.559853284428141862e+00 -2.082293736843690376e-46
8.561187062354118638e+00 2.951338634158927315e-46
8.562520840280093637e+00 -1.322768506629713796e-45
8.563854618206068636e+00 1.600722724172553883e-46
8.565188396132043636e+00 9.858364718886303811e-46
8.566522174058018635e+00 4.062807438083953421e-48
8.567855951983993634e+00 -6.395229771330100277e-47
8.569189729909970410e+00 1.257889751047105810e-46
8.570523507835945409e+00 -3.916002461279458583e-47
8.571857285761920409e+00 -5.001118338629155782e-46
8.573191063687895408e+00 1.441200300563970833e-46
8.574524841613872184e+00 -1.804257143054316868e-47
8.575858619539847183e+00 2.124750812395723703e-46
8.577192397465822182e+00 -3.669804814907388701e-46
8.578526175391797182e+00 -1.752993477511313816e-47
8.579859953317772181e+00 -4.417391378796085426e-45
8.581193731243747180e+00 1.310347202004422031e-45
8.582527509169722180e+00 3.507869459920139069e-46
8.583861287095698955e+00 4.839082547160788159e-46
8.585195065021673955e+00 -5.233759172515229386e-45
8.586528842947648954e+00 -4.407688205001510231e-46
8.587862620873623953e+00 -1.858209598914181852e-46
8.589196398799600729e+00 5.880272013823957815e-46
8.590530176725575728e+00 1.435282474041477964e-47
8.591863954651550728e+00 -1.202095869533310192e-46
8.593197732577525727e+00 2.086128868829761668e-46
8.594531510503500726e+00 1.335986066783643278e-45
8.595865288429475726e+00 -2.171729113144731657e-45
8.597199066355450725e+00 2.102348425872238047e-45
8.598532844281427501e+00 -2.425934993763884218e-46
8.599866622207402500e+00 -2.677262685563889355e-48
8.601200400133377499e+00 -9.929373560332583398e-47
8.602534178059352499e+00 -4.850019987649015569e-46
8.603867955985329274e+00 1.000018941004226152e-45
8.605201733911304274e+00 -3.904488032462965833e-46
8.606535511837279273e+00 4.315637975453039764e-44
8.607869289763254272e+00 4.099360588418916960e-45
8.609203067689229272e+00 8.515423234034542881e-47
8.610536845615204271e+00 1.729016188836332438e-47
8.611870623541179270e+00 3.078345598433288322e-47
8.613204401467156046e+00 3.445317019107277596e-48
8.614538179393131045e+00 1.110212445294689958e-46
8.615871957319106045e+00 -3.138513458102300542e-46
8.617205735245081044e+00 1.381635421745851772e-45
8.618539513171057820e+00 5.198406770614503665e-45
8.619873291097032819e+00 1.764728273340501010e-45
8.621207069023007818e+00 3.867629315485113916e-46
8.622540846948982818e+00 1.793746302800868128e-44
8.623874624874957817e+00 -2.423081261842326521e-45
8.625208402800932816e+00 -6.206408539326272894e-46
8.626542180726907816e+00 -1.170993858930525038e-47
8.627875958652884592e+00 -1.430444480472075672e-46
8.629209736578859591e+00 8.347548638577627750e-46
8.630543514504834590e+00 1.769630130371552772e-46
8.631877292430809590e+00 -6.458503562136632620e-46
8.633211070356786365e+00 6.717271032523076773e-46
8.634544848282761365e+00 -1.069285441046369096e-44
8.635878626208736364e+00 5.713357009589359653e-47
8.637212404134711363e+00 -8.131651388572004812e-46
8.638546182060686363e+00 1.155020802153381493e-45
8.639879959986661362e+00 2.897067427206761578e-46
8.641213737912636361e+00 1.307462560730127882e-45
8.642547515838613137e+00 9.888059638915124742e-47
8.643881293764588136e+00 8.567687199886346291e-45
8.645215071690563136e+00 6.871476472765277573e-46
8.646548849616538135e+00 1.927615115270106164e-46
8.647882627542514911e+00 1.490972864126207113e-46
8.649216405468489910e+00 -6.168038278037151298e-46
8.650550183394464909e+00 1.707218182788463906e-46
8.651883961320439909e+00 6.541706654069787579e-46
8.653217739246414908e+00 -4.891729635183098241e-47
8.654551517172389907e+00 6.956588421183011240e-46
8.655885295098364907e+00 -2.076849621610664280e-47
8.657219073024341682e+00 1.878531935925008971e-46
8.658552850950316682e+00 1.042473709104349971e-46
8.659886628876291681e+00 -1.196993992752842216e-45
8.661220406802266680e+00 -9.019064480661697733e-47
8.662554184728243456e+00 -4.535310297505762914e-46
8.663887962654218455e+00 -1.896482590853645149e-46
8.665221740580193455e+00 3.640213244894036760e-46
8.666555518506168454e+00 -3.842580229867387485e-47
8.667889296432143453e+00 -3.433255270004265362e-47
8.669223074358118453e+00 -1.380500386014822404e-47
8.670556852284093452e+00 -5.078881299234236420e-48
8.671890630210070228e+00 7.253297798664959857e-46
8.673224408136045227e+00 -7.831442965150107938e-47
8.674558186062020226e+00 -1.274013344939481450e-46
8.675891963987995226e+00 -5.022981153744792518e-47
8.677225741913972001e+00 5.563262656049658342e-48
8.678559519839947001e+00 3.792671205407924576e-46
8.679893297765922000e+00 -6.546416915345197608e-46
8.681227075691896999e+00 3.449238916132213239e-46
8.682560853617871999e+00 -1.000238248271135521e-46
8.683894631543846998e+00 8.456124032274760250e-46
8.685228409469821997e+00 -8.596346364720917881e-47
8.686562187395798773e+00 -4.558110697148207474e-48
8.687895965321773772e+00 3.267316252986929634e-45
8.689229743247748772e+00 1.759386082223640004e-46
8.690563521173723771e+00 3.119667524028739218e-46
8.691897299099700547e+00 -4.740029022880744509e-46
8.693231077025675546e+00 -1.164822505449802393e-46
8.694564854951650545e+00 1.054323238908783831e-45
8.695898632877625545e+00 -9.274065965531513734e-47
8.697232410803600544e+00 7.953873450158913531e-47
8.698566188729575543e+00 -7.378076367644020984e-45
8.699899966655550543e+00 3.521604448360484640e-46
8.701233744581527318e+00 4.988233720795657492e-46
8.702567522507502318e+00 -3.459468657728503881e-46
8.703901300433477317e+00 -7.394368682227468265e-46
8.705235078359452316e+00 -2.145362550973093140e-46
8.706568856285429092e+00 5.299970897908831622e-46
8.707902634211404092e+00 1.473994681647043457e-45
8.709236412137379091e+00 1.193546849492733755e-45
8.710570190063354090e+00 1.160952608558736266e-46
8.711903967989329090e+00 -6.806242246925949744e-46
8.713237745915304089e+00 -2.804581716263605514e-46
8.714571523841280865e+00 3.589614848531002021e-46
8.715905301767255864e+00 -2.728584956402165531e-46
8.717239079693230863e+00 3.567867339275820926e-46
8.718572857619205863e+00 -1.611515191322337385e-46
8.719906635545180862e+00 -3.143314277838208953e-46
8.721240413471157638e+00 -1.713842523169810804e-45
8.722574191397132637e+00 4.448970544627013568e-45
8.723907969323107636e+00 -5.475397155559504653e-46
8.725241747249082636e+00 -3.278713187960403511e-46
8.726575525175057635e+00 -9.901496346595120336e-45
8.727909303101032634e+00 8.126945709484798962e-46
8.729243081027009410e+00 4.996647771406483869e-46
8.730576858952984409e+00 -4.864272473505808499e-46
8.731910636878959409e+00 -1.285305182377814783e-45
8.733244414804934408e+00 -1.909073909891674499e-46
8.734578192730911184e+00 1.773097644659052862e-45
8.735911970656886183e+00 3.553006964236938868e-46
8.737245748582861182e+00 -9.840563941452290371e-47
8.738579526508836182e+00 1.278342351988280677e-45
8.739913304434811181e+00 2.444875821330430210e-47
8.741247082360786180e+00 -7.824114985810318477e-47
8.742580860286761180e+00 2.224519599322406145e-44
8.743914638212737955e+00 3.015704154411096465e-46
8.745248416138712955e+00 2.461416427331234484e-46
8.746582194064687954e+00 2.993037289091889266e-46
8.747915971990662953e+00 -2.399655099813713735e-46
8.749249749916639729e+00 5.513076402654156216e-47
8.750583527842614728e+00 -3.431745451763536955e-46
8.751917305768589728e+00 2.897468039777030650e-46
8.753251083694564727e+00 9.628805793447423312e-46
8.754584861620539726e+00 8.598118179203913860e-47
8.755918639546514726e+00 2.566078228793871404e-46
8.757252417472489725e+00 7.088241389007420195e-47
8.758586195398466501e+00 2.219693054427710381e-46
8.759919973324441500e+00 5.787068783162093996e-47
8.761253751250416499e+00 2.737566831106787797e-46
8.762587529176391499e+00 -4.441125556290112199e-48
8.763921307102368274e+00 -1.257027070457972818e-46
8.765255085028343274e+00 4.537341515687282104e-46
8.766588862954318273e+00 1.448185922502710645e-46
8.767922640880293272e+00 -6.102483193681652263e-46
8.769256418806268272e+00 5.414388731213312553e-46
8.770590196732243271e+00 -5.395096370303706310e-46
8.771923974658218270e+00 1.977151179100731166e-47
8.773257752584195046e+00 8.959075112411975740e-47
8.774591530510170045e+00 4.085841081266169303e-46
8.775925308436145045e+00 -1.595822469076785778e-46
8.777259086362120044e+00 9.197284370520751568e-46
8.778592864288096820e+00 -3.678660086955662094e-46
8.779926642214071819e+00 -3.060364135741610583e-46
8.781260420140046818e+00 -3.214767551063998250e-46
8.782594198066021818e+00 -5.814102161689072767e-46
8.783927975991996817e+00 4.987831320595508094e-46
8.785261753917971816e+00 2.108848842144994613e-46
8.786595531843946816e+00 3.148762606198115722e-46
8.787929309769923591e+00 -7.147356800220666499e-46
8.789263087695898591e+00 -5.348104038379186493e-47
8.790596865621873590e+00 -2.123935550592575909e-46
8.791930643547848589e+00 -1.283531556251444297e-46
8.793264421473825365e+00 -2.361417955171076178e-46
8.794598199399800365e+00 1.434894369328381057e-46
8.795931977325775364e+00 -8.311257820655293445e-46
8.797265755251750363e+00 2.053408874006892060e-45
8.798599533177725363e+00 3.297534920108890348e-45
8.799933311103700362e+00 4.813284907005222888e-46
8.801267089029675361e+00 -4.143802254731282448e-46
8.802600866955652137e+00 -1.279309539663650853e-46
8.803934644881627136e+00 -1.041998930533872552e-46
8.805268422807602136e+00 7.864165500803008548e-47
8.806602200733577135e+00 3.052809344502409417e-46
8.807935978659553911e+00 1.332220708079389738e-45
8.809269756585528910e+00 -4.409042382342447920e-46
8.810603534511503909e+00 -1.648197278158484028e-46
8.811937312437478909e+00 -1.188395716099330058e-46
8.813271090363453908e+00 -9.789044909965819091e-47
8.814604868289428907e+00 -1.174558880367331727e-46
8.815938646215403907e+00 -1.488882126541306239e-46
8.817272424141380682e+00 -7.393280193798387865e-46
8.818606202067355682e+00 7.328356552767202574e-47
8.819939979993330681e+00 3.611119533130765184e-48
8.821273757919305680e+00 -2.020601976870844993e-47
8.822607535845282456e+00 -5.557958720690977750e-47
8.823941313771257455e+00 -1.284467110917027526e-46
8.825275091697232455e+00 5.826637588206897929e-47
8.826608869623207454e+00 -1.602314520327504298e-46
8.827942647549182453e+00 1.126824711608463017e-47
8.829276425475157453e+00 8.455370806799913717e-47
8.830610203401132452e+00 2.137720493962750552e-45
8.831943981327109228e+00 -3.923031432711101778e-46
8.833277759253084227e+00 2.912884579456159399e-49
8.834611537179059226e+00 -5.801111656153937643e-47
8.835945315105034226e+00 3.417205636121503821e-46
8.837279093031011001e+00 1.412837568540779019e-46
8.838612870956986001e+00 1.266483224628976251e-46
8.839946648882961000e+00 -9.080821133983627238e-47
8.841280426808935999e+00 4.319293301250201335e-47
8.842614204734910999e+00 8.656973139118176943e-47
8.843947982660885998e+00 1.684703766786933515e-45
8.845281760586860997e+00 -5.303923090536123174e-47
8.846615538512837773e+00 2.503188165094103253e-47
8.847949316438812772e+00 7.884284019512001470e-49
8.849283094364787772e+00 2.279780021231184377e-46
8.850616872290762771e+00 1.013787945925340094e-45
8.851950650216739547e+00 2.503007077249833446e-46
8.853284428142714546e+00 2.777506953599624935e-47
8.854618206068689545e+00 1.221764411109681034e-46
8.855951983994664545e+00 -8.354243684776280113e-48
8.857285761920639544e+00 -1.450262216616570460e-47
8.858619539846614543e+00 -1.849110177202533653e-48
8.859953317772589543e+00 1.766674025076175624e-45
8.861287095698566318e+00 3.379325872133346460e-47
8.862620873624541318e+00 5.211134946347879101e-47
8.863954651550516317e+00 -1.781497038179563344e-46
8.865288429476491316e+00 -4.423948160375544874e-47
8.866622207402468092e+00 -5.016490084943165231e-47
8.867955985328443091e+00 6.893342410337626775e-47
8.869289763254418091e+00 3.832476746202017725e-45
8.870623541180393090e+00 7.771090602037377369e-46
8.871957319106368089e+00 -1.077266439895794276e-45
8.873291097032343089e+00 6.456942645034529071e-47
8.874624874958319865e+00 -2.176944228983982449e-46
8.875958652884294864e+00 -4.514936959271755678e-46
8.877292430810269863e+00 5.039073939575258802e-48
8.878626208736244863e+00 -2.521734427562145284e-46
8.879959986662219862e+00 2.946717018622901018e-47
8.881293764588196638e+00 1.774336414635750427e-47
8.882627542514171637e+00 1.627209918033500251e-47
8.883961320440146636e+00 -5.134024562046782159e-48
8.885295098366121636e+00 -2.006468127579178448e-47
8.886628876292096635e+00 1.754617938448217933e-47
8.887962654218071634e+00 -2.013609938460822094e-47
8.889296432144048410e+00 2.248425442981898568e-47
8.890630210070023409e+00 -2.279700495069979455e-47
8.891963987995998409e+00 9.914279802567232528e-47
8.893297765921973408e+00 -3.140930606267027744e-47
8.894631543847950184e+00 -1.654455040545185828e-47
8.895965321773925183e+00 -6.139628434744829607e-48
8.897299099699900182e+00 1.014522950405931252e-45
8.898632877625875182e+00 -6.425077097936414171e-47
8.899966655551850181e+00 -3.442531928481180830e-47
8.901300433477825180e+00 -2.821657763150448010e-47
8.902634211403800180e+00 -4.385757534379751815e-47
8.903967989329776955e+00 -4.181272811046283058e-47
8.905301767255751955e+00 -2.989505180683351503e-47
8.906635545181726954e+00 -3.739409805834418638e-46
8.907969323107701953e+00 2.000986420309089154e-46
8.909303101033678729e+00 3.910216779328587386e-47
8.910636878959653728e+00 9.108306775394398151e-47
8.911970656885628728e+00 -7.385536644056161192e-47
8.913304434811603727e+00 1.475540793232663033e-46
8.914638212737578726e+00 -3.065733361987006348e-47
8.915971990663553726e+00 3.666988373001464728e-47
8.917305768589528725e+00 1.268048833643847911e-47
8.918639546515505501e+00 -7.013931460423108895e-48
8.919973324441480500e+00 7.606016579706462835e-47
8.921307102367455499e+00 6.189305088362362894e-48
8.922640880293430499e+00 2.689857751910115335e-47
8.923974658219407274e+00 -7.562288479273267213e-48
8.925308436145382274e+00 -2.207160284536929897e-47
8.926642214071357273e+00 -1.727610019416530624e-46
8.927975991997332272e+00 6.710002417303349881e-47
8.929309769923307272e+00 -1.708345737232438225e-46
8.930643547849282271e+00 7.042815360795852693e-47
8.931977325775257270e+00 1.020553466353444988e-46
8.933311103701234046e+00 8.697860514304653274e-48
8.934644881627209045e+00 -3.480486803142511753e-46
8.935978659553184045e+00 -7.485259470506457814e-48
8.937312437479159044e+00 1.333405154056497631e-46
8.938646215405135820e+00 1.085898011165528506e-46
8.939979993331110819e+00 -1.247346877875910061e-45
8.941313771257085818e+00 2.132030108118003010e-47
8.942647549183060818e+00 3.133938731578709292e-48
8.943981327109035817e+00 2.445044064244542881e-48
8.945315105035010816e+00 1.729357970000553314e-47
8.946648882960985816e+00 -1.083422351558917618e-47
8.947982660886962591e+00 -4.862591336405399139e-48
8.949316438812937591e+00 -8.542664408816709570e-48
8.950650216738912590e+00 -4.236419045805521039e-48
8.951983994664887589e+00 -3.230936929113716539e-48
8.953317772590864365e+00 -2.619052464923055527e-48
8.954651550516839364e+00 -2.276712406694846193e-48
8.955985328442814364e+00 -1.842488978764402721e-48
8.957319106368789363e+00 -5.483513421847603158e-48
8.958652884294764362e+00 -2.712579758916181167e-48
8.959986662220739362e+00 -1.881154905274677509e-48
8.961320440146714361e+00 -1.071668724534615817e-48
8.962654218072691137e+00 -3.151164322526214967e-49
8.963987995998666136e+00 -2.869689665711439254e-47
8.965321773924641136e+00 -2.565920161286080802e-48
8.966655551850616135e+00 -1.094836523326062046e-48
8.967989329776592911e+00 8.200939098406606956e-50
8.969323107702567910e+00 -2.024547621727341756e-48
8.970656885628542909e+00 -9.748073873666139836e-50
8.971990663554517909e+00 3.568574406875238048e-48
8.973324441480492908e+00 -1.662650372897842698e-47
8.974658219406467907e+00 -6.401328675383765924e-48
8.975991997332442907e+00 -9.864806267999630111e-48
8.977325775258419682e+00 1.520472498996684970e-48
8.978659553184394682e+00 4.847107954379759362e-49
8.979993331110369681e+00 -2.668150470051663657e-49
8.981327109036344680e+00 4.933736213544325127e-48
8.982660886962321456e+00 -4.738045104510949273e-48
8.983994664888296455e+00 -3.801220158304475676e-48
8.985328442814271455e+00 -2.599599868575646135e-48
8.986662220740246454e+00 -2.161161618156061618e-48
8.987995998666221453e+00 -1.781304955324318853e-48
8.989329776592196453e+00 1.503067198072380017e-47
8.990663554518171452e+00 -1.631245179947295456e-48
8.991997332444148228e+00 -1.598504491309713948e-48
8.993331110370123227e+00 -1.531632363774553455e-48
8.994664888296098226e+00 -1.526839215129429762e-48
8.995998666222073226e+00 -1.459343279230928390e-48
8.997332444148050001e+00 -1.415322505201166915e-48
8.998666222074025001e+00 -1.377809379213953646e-48
9.000000000000000000e+00 -1.344658589769193077e-48
